고유번호,연도,연차,시작연차,종료연차,"주요 업무/프로젝트
예시: OO은행 차세대 시스템 구축",프로젝트 규모 (대략),"수행역할
예시: PM, 분석/설계,개발자, PL(사업관리)",활용 Skill set 1,활용 Skill set 2,활용 Skill set 3,활용 Skill set 4,"Industry/Domain
예시: 금융, 통신, 제조 등",커리어 형성에 큰 영향을 받은 업무나 시기,큰 영향을 받은 업무/시기에 대한 설명
EMP-525170,1997,1,1,3,대학교 학사시스템 구축,(중소형) 20억 이상~50억 미만,개발자,S-1,S-2,S-16,,유통/물류/서비스,TRUE,Tech 기반 엔지니어에서 분석설계개발 프로젝트에 참여함
EMP-525170,1998,2,1,3,대학교 학사시스템 구축,(중소형) 20억 이상~50억 미만,개발자,S-1,S-2,S-16,,유통/물류/서비스,TRUE,Tech 기반 엔지니어에서 분석설계개발 프로젝트에 참여함
EMP-525170,1999,3,1,3,대학교 학사시스템 구축,(중소형) 20억 이상~50억 미만,개발자,S-1,S-2,S-16,,유통/물류/서비스,TRUE,Tech 기반 엔지니어에서 분석설계개발 프로젝트에 참여함
EMP-525170,2000,4,4,5,항공사 성능 개선 프로젝트,(소형) 20억 미만,PM,S-2,S-16,,,유통/물류/서비스,FALSE,
EMP-525170,2001,5,4,5,항공사 성능 개선 프로젝트,(소형) 20억 미만,PM,S-2,S-16,,,유통/물류/서비스,FALSE,
EMP-525170,2002,6,6,7,금융기관 운영,(중소형) 20억 이상~50억 미만,운영자,S-13,S-16,S-18,,제2금융,FALSE,
EMP-525170,2003,7,7,8,자동차부품 SCM 구축,(중소형) 20억 이상~50억 미만,Application Architect,S-16,S-13,S-2,,(제조) 대외,FALSE,
EMP-525170,2004,8,7,8,자동차부품 SCM 구축,(중소형) 20억 이상~50억 미만,Application Architect,S-16,S-13,S-2,,(제조) 대외,FALSE,
EMP-525170,2005,9,9,10,공공기관 시스템 리뉴얼,(중소형) 20억 이상~50억 미만,"DBA, 사업관리",S-13,S-2,S-16,,공공,TRUE,공공 프로젝트 참여로 사업의 특성과 경험 축적
EMP-525170,2006,10,10,11,공공기관 취업포탈시스템 구축,(중소형) 20억 이상~50억 미만,업무 PL,S-30,,,,공공,FALSE,
EMP-525170,2007,11,10,11,공공기관 취업포탈시스템 구축,(중소형) 20억 이상~50억 미만,업무 PL,S-30,,,,공공,FALSE,
EMP-525170,2008,12,12,15,항공사 ITO 사업,(초대형) 500억,업무 PL,S-30,S-16,,,(제조) 대외,TRUE,항공기 제조 도메인 지식과 ITO 운영사업의 경험축적
EMP-525170,2009,13,12,15,항공사 ITO 사업,(초대형) 500억,업무 PL,S-30,S-16,,,(제조) 대외,TRUE,항공기 제조 도메인 지식과 ITO 운영사업의 경험축적
EMP-525170,2010,14,12,15,항공사 ITO 사업,(초대형) 500억,업무 PL,S-30,S-16,,,(제조) 대외,TRUE,항공기 제조 도메인 지식과 ITO 운영사업의 경험축적
EMP-525170,2011,15,12,15,항공사 ITO 사업,(초대형) 500억,업무 PL,S-30,S-16,,,(제조) 대외,TRUE,항공기 제조 도메인 지식과 ITO 운영사업의 경험축적
EMP-525170,2012,16,16,28,자동차제조 ITO 사업,(대형) 100억 이상 ~ 500억 미만,"사업관리, 업무PL, PM, 팀장",S-30,P-2a,S-23,,(제조) 대외,TRUE,자동차 제조 도메일 지식 획득과 제조 회사 ITO 업무 프로세스 및 경험 축척
EMP-525170,2013,17,16,28,자동차제조 ITO 사업,(대형) 100억 이상 ~ 500억 미만,"사업관리, 업무PL, PM, 팀장",S-30,P-2a,S-23,,(제조) 대외,TRUE,자동차 제조 도메일 지식 획득과 제조 회사 ITO 업무 프로세스 및 경험 축척
EMP-525170,2014,18,16,28,자동차제조 ITO 사업,(대형) 100억 이상 ~ 500억 미만,"사업관리, 업무PL, PM, 팀장",S-30,P-2a,S-23,,(제조) 대외,TRUE,자동차 제조 도메일 지식 획득과 제조 회사 ITO 업무 프로세스 및 경험 축척
EMP-525170,2015,19,16,28,자동차제조 ITO 사업,(대형) 100억 이상 ~ 500억 미만,"사업관리, 업무PL, PM, 팀장",S-30,P-2a,S-23,,(제조) 대외,TRUE,자동차 제조 도메일 지식 획득과 제조 회사 ITO 업무 프로세스 및 경험 축척
EMP-525170,2016,20,16,28,자동차제조 ITO 사업,(대형) 100억 이상 ~ 500억 미만,"사업관리, 업무PL, PM, 팀장",S-30,P-2a,S-23,,(제조) 대외,TRUE,자동차 제조 도메일 지식 획득과 제조 회사 ITO 업무 프로세스 및 경험 축척
EMP-525170,2017,21,16,28,자동차제조 ITO 사업,(대형) 100억 이상 ~ 500억 미만,"사업관리, 업무PL, PM, 팀장",S-30,P-2a,S-23,,(제조) 대외,TRUE,자동차 제조 도메일 지식 획득과 제조 회사 ITO 업무 프로세스 및 경험 축척
EMP-525170,2018,22,16,28,자동차제조 ITO 사업,(대형) 100억 이상 ~ 500억 미만,"사업관리, 업무PL, PM, 팀장",S-30,P-2a,S-23,,(제조) 대외,TRUE,자동차 제조 도메일 지식 획득과 제조 회사 ITO 업무 프로세스 및 경험 축척
EMP-525170,2019,23,16,28,"자동차제조 ITO 사업, 항공사 통합 ITO 사업","(대형) 100억 이상 ~ 500억 미만, (초대형) 500억","사업관리, 업무PL, PM, 팀장",S-30,P-2a,S-23,,(제조) 대외,TRUE,자동차 제조 도메일 지식 획득과 제조 회사 ITO 업무 프로세스 및 경험 축척
EMP-525170,2020,24,16,28,"자동차제조 ITO 사업, 자동차부품 물류자동화 프로젝트, 항공사 통합 ITO 사업, 제약 통합 ITO 사업, 화학섬유 통합 ITO 사업","(대형) 100억 이상 ~ 500억 미만, (초대형) 500억","사업관리, 업무PL, PM, 팀장",S-30,P-2a,S-23,P-4,(제조) 대외,TRUE,자동차 제조 도메일 지식 획득과 제조 회사 ITO 업무 프로세스 및 경험 축척
EMP-525170,2021,25,16,28,"자동차제조 ITO 사업, 자동차부품 물류자동화 프로젝트, 항공사 통합 ITO 사업, 제약 통합 ITO 사업, 화학섬유 통합 ITO 사업","(대형) 100억 이상 ~ 500억 미만, (초대형) 500억","사업관리, 업무PL, PM, 팀장",S-30,P-2a,S-23,P-4,(제조) 대외,TRUE,자동차 제조 도메일 지식 획득과 제조 회사 ITO 업무 프로세스 및 경험 축척
EMP-525170,2022,26,16,28,"자동차제조 ITO 사업, 항공사 통합 ITO 사업, 제약 통합 ITO 사업, 화학섬유 통합 ITO 사업","(대형) 100억 이상 ~ 500억 미만, (초대형) 500억","사업관리, 업무PL, PM, 팀장",S-30,P-2a,S-23,,(제조) 대외,TRUE,자동차 제조 도메일 지식 획득과 제조 회사 ITO 업무 프로세스 및 경험 축척
EMP-525170,2023,27,16,28,"자동차제조 ITO 사업, 항공사 통합 ITO 사업, 제약 통합 ITO 사업,  통합 ITO 사업, 화학섬유 통합 ITO 사업","(대형) 100억 이상 ~ 500억 미만, (초대형) 500억","사업관리, 업무PL, PM, 팀장",S-30,P-2a,S-23,,(제조) 대외,TRUE,자동차 제조 도메일 지식 획득과 제조 회사 ITO 업무 프로세스 및 경험 축척
EMP-525170,2024,28,16,28,"자동차제조 ITO 사업, 항공사 통합 ITO 사업, 제약 통합 ITO 사업, 음식료담배 통합 ITO 사업, 화학섬유 통합 ITO 사업, 호텔카지노 통합 ITO 사업,자동차제조 차세대 ERP 시스템 구축","(대형) 100억 이상 ~ 500억 미만, (초대형) 500억","사업관리, 업무PL, PM, 팀장, 총괄 PM",S-30,P-2a,S-23,,(제조) 대외,TRUE,자동차 제조 도메일 지식 획득과 제조 회사 ITO 업무 프로세스 및 경험 축척
EMP-525170,2025,29,28,29,"호텔카지노 통합 ITO 사업, 음식료담배 통합 ITO 사업, 자동차제조 차세대 ERP 시스템 구축","(대형) 100억 이상 ~ 500억 미만, (초대형) 500억","팀장, 총괄 PM",S-23,,,,유통/물류/서비스,TRUE,"호텔, 카지노 사업 도메일 ITO 사업  확장"
EMP-366273,2004,1,1,3,통신사 Headend 시스템 구축/운영,(대형) 100억 이상 ~ 500억 미만,"개발자, PL",S-1,S-30,,,미디어/콘텐츠,FALSE,
EMP-366273,2005,2,1,3,통신사 Headend 시스템 구축/운영,(대형) 100억 이상 ~ 500억 미만,"개발자, PL",S-1,S-30,,,미디어/콘텐츠,FALSE,
EMP-366273,2006,3,1,3,통신사 Headend 시스템 구축/운영,(대형) 100억 이상 ~ 500억 미만,"개발자, PL",S-1,S-30,,,미디어/콘텐츠,FALSE,
EMP-366273,2007,4,4,6,통신사 방송센터 구축,(대형) 100억 이상 ~ 500억 미만,PL,S-30,S-11,,,미디어/콘텐츠,FALSE,
EMP-366273,2008,5,4,6,통신사 방송센터 구축,(대형) 100억 이상 ~ 500억 미만,PL,S-30,S-11,,,미디어/콘텐츠,FALSE,
EMP-366273,2009,6,4,6,통신사 방송센터 구축,(대형) 100억 이상 ~ 500억 미만,PL,S-30,S-11,,,미디어/콘텐츠,FALSE,
EMP-366273,2010,7,7,9,통신사 Digital Home Netwrok  NOC구축,(중형) 50억 이상 ~ 100억 미만,PM,P-2,P-4,,,통신,TRUE,사업 제안부터 구축 후 오픈까지 사업PM으로써 경험과 역량을 강화하고자 하였음 
EMP-366273,2011,8,7,9,통신사 Digital Home Netwrok  NOC구축,(중형) 50억 이상 ~ 100억 미만,PM,P-2,P-4,,,통신,TRUE,사업 제안부터 구축 후 오픈까지 사업PM으로써 경험과 역량을 강화하고자 하였음 
EMP-366273,2012,9,7,9,통신사 Digital Home Netwrok  NOC구축,(중형) 50억 이상 ~ 100억 미만,PM,P-2,P-4,,,통신,TRUE,사업 제안부터 구축 후 오픈까지 사업PM으로써 경험과 역량을 강화하고자 하였음 
EMP-366273,2013,10,10,15,전사 staff(구매본부),(대형) 100억 이상 ~ 500억 미만,대내외 사업 Cost 분석 및 계약 담당,S-30,,,,통신,FALSE,
EMP-366273,2014,11,10,15,전사 staff(구매본부),(대형) 100억 이상 ~ 500억 미만,대내외 사업 Cost 분석 및 계약 담당,S-30,,,,통신,FALSE,
EMP-366273,2015,12,10,15,전사 staff(구매본부),(대형) 100억 이상 ~ 500억 미만,대내외 사업 Cost 분석 및 계약 담당,S-30,,,,통신,FALSE,
EMP-366273,2016,13,10,15,전사 staff(구매본부),(대형) 100억 이상 ~ 500억 미만,대내외 사업 Cost 분석 및 계약 담당,S-30,,,,통신,FALSE,
EMP-366273,2017,14,10,15,전사 staff(구매본부),(대형) 100억 이상 ~ 500억 미만,대내외 사업 Cost 분석 및 계약 담당,S-30,,,,통신,FALSE,
EMP-366273,2018,15,10,15,전사 staff(구매본부),(대형) 100억 이상 ~ 500억 미만,대내외 사업 Cost 분석 및 계약 담당,S-30,,,,통신,FALSE,
EMP-366273,2019,16,16,17,"통신사 Next TV Paltform  사업개발, PoC구축",(중소형) 20억 이상~50억 미만,사업개발,S-30,,,,미디어/콘텐츠,FALSE,
EMP-366273,2020,17,16,17,"통신사 Next TV Paltform 사업개발, PoC구축, 통신사 G2(차세대) 구축","(중소형) 20억 이상~50억 미만, (대형) 100억 이상 ~ 500억 미만","사업개발, PM",S-30,P-2a,,,미디어/콘텐츠,FALSE,
EMP-366273,2021,18,17,20,통신사 G2(차세대) 구축,(대형) 100억 이상 ~ 500억 미만,PM,P-2a,S-30,,,통신,FALSE,
EMP-366273,2022,19,17,20,통신사 G2(차세대) 구축,(대형) 100억 이상 ~ 500억 미만,PM,P-2a,S-30,,,통신,FALSE,
EMP-366273,2023,20,17,20,통신사 G2(차세대) 구축,(대형) 100억 이상 ~ 500억 미만,PM,P-2a,S-30,,,통신,FALSE,
EMP-366273,2024,21,21,22,통신사 미디어 UI5.0 구축,(중형) 50억 이상 ~ 100억 미만,PM,P-2,S-30,,,미디어/콘텐츠,FALSE,
EMP-366273,2025,22,21,22,통신사 미디어 UI5.0 구축,(중형) 50억 이상 ~ 100억 미만,PM,P-2,S-30,,,미디어/콘텐츠,FALSE,
EMP-343203,2003,1,1,2,통신사 CATMS(Cable Turnel Mgmt System) 구축,(중형) 50억 이상 ~ 100억 미만,개발자,S-2,,,,통신,FALSE,
EMP-343203,2004,2,1,2,"통신사 CATMS(Cable Turnel Mgmt System) 구축, 통신사 MOST(동기식 전송망 관리 시스템)","(중형) 50억 이상 ~ 100억 미만, (대형) 100억 이상 ~ 500억 미만",개발자,S-2,,,,통신,FALSE,
EMP-343203,2005,3,2,5,통신사 MOST(동기식 전송망 관리 시스템),(대형) 100억 이상 ~ 500억 미만,개발자,S-2,,,,통신,TRUE,"IT 개발자 및 NMS에 대한 전반적인 구조, 환경등에 대한 이해도 향상"
EMP-343203,2006,4,2,5,통신사 MOST(동기식 전송망 관리 시스템),(대형) 100억 이상 ~ 500억 미만,개발자,S-2,,,,통신,TRUE,"IT 개발자 및 NMS에 대한 전반적인 구조, 환경등에 대한 이해도 향상"
EMP-343203,2007,5,2,5,"통신사MOST(동기식 전송망 관리 시스템), 통신사 초고속망 관리 시스템 구축","(대형) 100억 이상 ~ 500억 미만, (중소형) 20억 이상~50억 미만",개발자,S-2,,,,통신,TRUE,"IT 개발자 및 NMS에 대한 전반적인 구조, 환경등에 대한 이해도 향상"
EMP-343203,2008,6,5,6,통신사 초고속망 관리 시스템 구축,(중소형) 20억 이상~50억 미만,개발자,S-2,,,,통신,FALSE,
EMP-343203,2009,7,7,8,통신사 IT 품질 측정 시스템등,(소형) 20억 미만,개발자,S-2,S-1,,,통신,FALSE,
EMP-343203,2010,8,7,8,"통신사 IT 품질 측정 시스템등, 공공기관 방호탐지 관리 시스템",(소형) 20억 미만,"PL, 개발자",S-2,S-1,,,통신,FALSE,
EMP-343203,2011,9,8,9,공공기관 방호탐지 관리 시스템,(소형) 20억 미만,"PL, 개발자",S-2,,,,공공,FALSE,
EMP-343203,2012,10,10,21,통신사 무선망 최적화 시스템,(중소형) 20억 이상~50억 미만,"PM, 사업관리",S-23,S-24,,,통신,TRUE,"PM 업무 수행을 통한 Skill Set 향상
PM업무를 수행하면서 전체적인 View 및 IT 역량 향상을 위한 노력 진행(기술사, PMP, 보안, 감리, 감사사등 자격증 획득) - 개발업무를 중단하면서 Job Security에 대한 고민으로 부터 출발"
EMP-343203,2013,11,10,21,통신사 무선망 최적화 시스템,(중소형) 20억 이상~50억 미만,"PM, 사업관리",S-23,S-24,,,통신,TRUE,"PM 업무 수행을 통한 Skill Set 향상
PM업무를 수행하면서 전체적인 View 및 IT 역량 향상을 위한 노력 진행(기술사, PMP, 보안, 감리, 감사사등 자격증 획득) - 개발업무를 중단하면서 Job Security에 대한 고민으로 부터 출발"
EMP-343203,2014,12,10,21,통신사 무선망 최적화 시스템,(중소형) 20억 이상~50억 미만,"PM, 사업관리",S-23,S-24,,,통신,TRUE,"PM 업무 수행을 통한 Skill Set 향상
PM업무를 수행하면서 전체적인 View 및 IT 역량 향상을 위한 노력 진행(기술사, PMP, 보안, 감리, 감사사등 자격증 획득) - 개발업무를 중단하면서 Job Security에 대한 고민으로 부터 출발"
EMP-343203,2015,13,10,21,통신사 무선망 최적화 시스템,(중소형) 20억 이상~50억 미만,"PM, 사업관리",S-23,S-24,,,통신,TRUE,"PM 업무 수행을 통한 Skill Set 향상
PM업무를 수행하면서 전체적인 View 및 IT 역량 향상을 위한 노력 진행(기술사, PMP, 보안, 감리, 감사사등 자격증 획득) - 개발업무를 중단하면서 Job Security에 대한 고민으로 부터 출발"
EMP-343203,2016,14,10,21,통신사 무선망 최적화 시스템,(중소형) 20억 이상~50억 미만,"PM, 사업관리",S-23,S-24,,,통신,TRUE,"PM 업무 수행을 통한 Skill Set 향상
PM업무를 수행하면서 전체적인 View 및 IT 역량 향상을 위한 노력 진행(기술사, PMP, 보안, 감리, 감사사등 자격증 획득) - 개발업무를 중단하면서 Job Security에 대한 고민으로 부터 출발"
EMP-343203,2017,15,10,21,통신사 무선망 최적화 시스템,(중소형) 20억 이상~50억 미만,"PM, 사업관리",S-23,S-24,,,통신,TRUE,"PM 업무 수행을 통한 Skill Set 향상
PM업무를 수행하면서 전체적인 View 및 IT 역량 향상을 위한 노력 진행(기술사, PMP, 보안, 감리, 감사사등 자격증 획득) - 개발업무를 중단하면서 Job Security에 대한 고민으로 부터 출발"
EMP-343203,2018,16,10,21,통신사 무선망 최적화 시스템,(중소형) 20억 이상~50억 미만,"PM, 사업관리",S-23,S-24,,,통신,TRUE,"PM 업무 수행을 통한 Skill Set 향상
PM업무를 수행하면서 전체적인 View 및 IT 역량 향상을 위한 노력 진행(기술사, PMP, 보안, 감리, 감사사등 자격증 획득) - 개발업무를 중단하면서 Job Security에 대한 고민으로 부터 출발"
EMP-343203,2019,17,10,21,통신사 무선망 최적화 시스템,(중소형) 20억 이상~50억 미만,"PM, 사업관리",S-23,S-24,,,통신,TRUE,"PM 업무 수행을 통한 Skill Set 향상
PM업무를 수행하면서 전체적인 View 및 IT 역량 향상을 위한 노력 진행(기술사, PMP, 보안, 감리, 감사사등 자격증 획득) - 개발업무를 중단하면서 Job Security에 대한 고민으로 부터 출발"
EMP-343203,2020,18,10,21,통신사 무선망 최적화 시스템,(중소형) 20억 이상~50억 미만,"PM, 사업관리",S-23,S-24,,,통신,TRUE,"PM 업무 수행을 통한 Skill Set 향상
PM업무를 수행하면서 전체적인 View 및 IT 역량 향상을 위한 노력 진행(기술사, PMP, 보안, 감리, 감사사등 자격증 획득) - 개발업무를 중단하면서 Job Security에 대한 고민으로 부터 출발"
EMP-343203,2021,19,10,21,통신사 무선망 최적화 시스템,(중소형) 20억 이상~50억 미만,"PM, 사업관리",S-23,S-24,,,통신,TRUE,"PM 업무 수행을 통한 Skill Set 향상
PM업무를 수행하면서 전체적인 View 및 IT 역량 향상을 위한 노력 진행(기술사, PMP, 보안, 감리, 감사사등 자격증 획득) - 개발업무를 중단하면서 Job Security에 대한 고민으로 부터 출발"
EMP-343203,2022,20,10,21,통신사 무선망 최적화 시스템,(중소형) 20억 이상~50억 미만,"PM, 사업관리",S-23,S-24,,,통신,TRUE,"PM 업무 수행을 통한 Skill Set 향상
PM업무를 수행하면서 전체적인 View 및 IT 역량 향상을 위한 노력 진행(기술사, PMP, 보안, 감리, 감사사등 자격증 획득) - 개발업무를 중단하면서 Job Security에 대한 고민으로 부터 출발"
EMP-343203,2023,21,10,21,통신사 무선망 최적화 시스템,(중소형) 20억 이상~50억 미만,"PM, 사업관리",S-23,S-24,,,통신,TRUE,"PM 업무 수행을 통한 Skill Set 향상
PM업무를 수행하면서 전체적인 View 및 IT 역량 향상을 위한 노력 진행(기술사, PMP, 보안, 감리, 감사사등 자격증 획득) - 개발업무를 중단하면서 Job Security에 대한 고민으로 부터 출발"
EMP-343203,2024,22,22,23,통신사 차세대 프로젝트,(대형) 100억 이상 ~ 500억 미만,"PM, 사업관리",S-23,S-24,,,통신,TRUE,"대형 프로젝트 수행 역량 확보, 기존 50억 미만의 프로젝트 관리 방법에 비해 다양한 관리 역량의 필요성 인식/확보"
EMP-343203,2025,23,22,23,통신사 차세대 프로젝트,(대형) 100억 이상 ~ 500억 미만,"PM, 사업관리",S-23,S-24,,,통신,TRUE,"대형 프로젝트 수행 역량 확보, 기존 50억 미만의 프로젝트 관리 방법에 비해 다양한 관리 역량의 필요성 인식/확보"
EMP-253717,1998,1,1,1,"제2금융권 여신업무 재구축, 제2금융권 Y2K 대비 전환 개발",,개발,S-2,,,,금융,,
EMP-253717,1999,2,1,2,"제2금융권 Y2K 대비 전환 개발, 제2금융권 차세대 분산시스템 구축",,개발,S-2,,,,금융,,
EMP-253717,2000,3,3,4,제1금융권 독자 신용카드 시스템 구축,,업무 PL/개발,S-2,S-30,,,금융,,
EMP-253717,2001,4,3,4,제1금융권 독자 신용카드 시스템 구축,,업무 PL/개발,S-2,S-30,,,금융,,
EMP-253717,2003,6,6,7,금융지원기관 재해복구체계 및 DR 구축,,사업관리,S-30,,,,금융,,
EMP-253717,2004,7,6,7,금융지원기관 재해복구체계 및 DR 구축,,사업관리,S-30,,,,금융,,
EMP-253717,2009,12,12,13,금융지원기관 차세대 시스템 구축,,업무 PL,S-30,,,,금융,,
EMP-253717,2010,13,12,13,금융지원기관 차세대 시스템 구축,,업무 PL,S-30,,,,금융,,
EMP-253717,2011,14,14,14,"제2금융권 IFRS 구축 관련 현행시스템 변경개발, 금융지원기관  IT시스템 재구축",,사업관리,S-30,,,,금융,,
EMP-253717,2012,15,14,15,금융지원기관  IT시스템 재구축,,사업관리,S-30,,,,금융,,
EMP-253717,2013,16,16,17,제1금융권 차세대시스템 구축,,사업관리,S-30,,,,금융,,
EMP-253717,2014,17,16,17,제1금융권 차세대시스템 구축,,사업관리,S-30,,,,금융,,
EMP-253717,2016,19,19,21,제1금융권 차세대시스템 구축, (초대형) 500억,사업관리,S-30,,,,금융,,
EMP-253717,2017,20,19,21,제1금융권 차세대시스템 구축, (초대형) 500억,사업관리,S-30,,,,금융,,
EMP-253717,2018,21,19,21,제1금융권 차세대시스템 구축, (초대형) 500억,사업관리,S-30,,,,금융,,
EMP-253717,2019,22,22,23,제1금융권 인터넷뱅킹 구축 프로젝트, (초대형) 500억,사업관리,S-30,,,,금융,,
EMP-253717,2020,23,22,23,제1금융권 인터넷뱅킹 구축 프로젝트, (초대형) 500억,사업관리,S-30,,,,금융,,
EMP-253717,2021,24,24,26,제1금융권 정보계 차세대시스템 구축,(대형) 100억 이상 ~ 500억 미만,PM,P-2a,,,,금융,,
EMP-253717,2022,25,24,26,제1금융권 정보계 차세대시스템 구축,(대형) 100억 이상 ~ 500억 미만,PM,P-2a,,,,금융,,
EMP-253717,2023,26,24,26,제1금융권 정보계 차세대시스템 구축,(대형) 100억 이상 ~ 500억 미만,PM,P-2a,,,,금융,,
EMP-253717,2024,27,27,28,제1금융권 인터넷뱅킹 재구축,(대형) 100억 이상 ~ 500억 미만,PM,P-2a,,,,금융,,
EMP-253717,2025,28,27,28,제1금융권 인터넷뱅킹 재구축,(대형) 100억 이상 ~ 500억 미만,PM,P-2a,,,,금융,,
EMP-407037,1995,1,1,6,대기업그룹 New Payroll 외 확산,,분석설계개발,S-1,S-2, , ,(제조) 대내 Process,,
EMP-407037,1996,2,1,6,대기업그룹 New Payroll 외 확산,,분석설계개발,S-1,S-2, , ,(제조) 대내 Process,,
EMP-407037,1997,3,1,6,대기업그룹 New Payroll 외 확산,,분석설계개발,S-1,S-2, , ,(제조) 대내 Process,,
EMP-407037,1998,4,1,6,대기업그룹 New Payroll 외 확산,,분석설계개발,S-1,S-2, , ,(제조) 대내 Process,,
EMP-407037,1999,5,1,6,"대기업그룹 New Payroll 외 확산, 1에서 성공한 기반으로 대외 솔루션화 하여 프레임워크 기반 SI 수행 (솔",,분석설계개발,S-1,S-2, , ,"(제조) 대내 Process, 공통",,
EMP-407037,2000,6,1,6,"대기업그룹 New Payroll 외 확산,대기업그룹 New Payroll 외 확산",,분석설계개발,S-1,S-2, , ,"(제조) 대내 Process, 공통",,
EMP-407037,2001,7,5,8,1에서 성공한 기반으로 대외 솔루션화 하여 프레임워크 기반 SI 수행 (솔,,분석설계개발,S-2,S-1, , ,공통,,
EMP-407037,2002,8,5,8,1에서 성공한 기반으로 대외 솔루션화 하여 프레임워크 기반 SI 수행 (솔,,분석설계개발,S-2,S-1, , ,공통,,
EMP-407037,2004,10,10,12,그룹포털 e-HR,,신기술적용,S-2, , , ,공통,,
EMP-407037,2005,11,10,12,그룹포털 e-HR,,신기술적용,S-2, , , ,공통,,
EMP-407037,2006,12,10,12,"그룹포털 e-HR, 금융지원기관 차세대",,"신기술적용, Application Arch.",S-2,S-16, , ,"공통, 제2금융",,
EMP-407037,2007,13,13,15,NEXCORE 및 확산( 에너지 B2C 최초적용),,Application Arch./SA,S-16, , , ,"공통, 유통/물류/서비스",,
EMP-407037,2008,14,13,15,NEXCORE 및 확산( 에너지 B2C 최초적용),,Application Arch./SA,S-16, , , ,"공통, 유통/물류/서비스",,
EMP-407037,2009,15,13,15,"NEXCORE 및 확산(에너지 B2C 최초적용), MVIOS 아키텍처 진단, 사법기관 EA, 금융지원기관",,"Application Arch./SA, 컨설팅, 공통PL",S-16, , , ,"공통, 유통/물류/서비스, 통신, 제2금융",,
EMP-407037,2010,16,15,16,"MVIOS 아키텍처 진단, 사법기관 EA, 금융지원기관",,"컨설팅, 공통PL",S-16, , , ,"통신, 제2금융",,
EMP-407037,2011,17,17,23,xEMS Watz Eye 솔루션 개발 해외사업,,"솔루션관리, 구축/딜리버리",S-16, , , ,Global,,
EMP-407037,2012,18,17,23,xEMS Watz Eye 솔루션 개발 해외사업,,"솔루션관리, 구축/딜리버리",S-16, , , ,Global,,
EMP-407037,2013,19,17,23,xEMS Watz Eye 솔루션 개발 해외사업,,"솔루션관리, 구축/딜리버리",S-16, , , ,Global,,
EMP-407037,2014,20,17,23,xEMS Watz Eye 솔루션 개발 해외사업,,"솔루션관리, 구축/딜리버리",S-16, , , ,Global,,
EMP-407037,2015,21,17,23,xEMS Watz Eye 솔루션 개발 해외사업,,"솔루션관리, 구축/딜리버리",S-16, , , ,Global,,
EMP-407037,2016,22,17,23,xEMS Watz Eye 솔루션 개발 해외사업,,"솔루션관리, 구축/딜리버리",S-16, , , ,Global,,
EMP-407037,2017,23,17,23,xEMS Watz Eye 솔루션 개발 해외사업,,"솔루션관리, 구축/딜리버리",S-16, , , ,Global,,
EMP-407037,2018,24,24,27,"반도체제조업 Workplace, 반도체제조업 AI Platform 등",,"Application Arch., PL",S-16, , , ,(제조) 대내 Hi-Tech,,
EMP-407037,2019,25,24,27,"반도체제조업 Workplace, 반도체제조업 AI Platform 등",,"Application Arch., PL",S-16, , , ,(제조) 대내 Hi-Tech,,
EMP-407037,2020,26,24,27,"반도체제조업 Workplace, 반도체제조업 AI Platform 등",,"Application Arch., PL",S-16, , , ,(제조) 대내 Hi-Tech,,
EMP-407037,2021,27,24,27,"반도체제조업 Workplace, 반도체제조업 AI Platform 등, 제2금융권 클라우드",,"Application Arch., PL, Cloud Architect",S-16, , , ,"(제조) 대내 Hi-Tech, 제2금융",,
EMP-407037,2022,28,27,28,"제2금융권 클라우드, 렌터카회사 차세대",,"Cloud Architect, PL ,Cloud Eng.",S-16, , , ,"제2금융, 유통/물류/서비스",,
EMP-407037,2023,29,28,29,"렌터카회사 차세대, 제2금융권, 철강업체 AI, ",,"Cloud Eng., CICD, Technical Arch.",S-16, , , ,"유통/물류/서비스, 통신",,
EMP-407037,2024,30,29,30,"철강업체 AI, 보안회사 차세대",,Technical Arch.,S-16, , , ,"통신, 유통/물류/서비스",,
EMP-407037,2025,31,30,31,보안회사 차세대,,Technical Arch.,S-16, , , ,유통/물류/서비스,,
EMP-408705,2000,1,1,7,"제2금융권,공공기관,제1금융권,통신사 등 다양한 SI 프로젝트 수행",(중소형) 20억 이상~50억 미만,Back-end Dev.,S-2, , , ,금융등,,
EMP-408778,2001,2,1,7,"제2금융권,공공기관,제1금융권,통신사 등 다양한 SI 프로젝트 수행",(중소형) 20억 이상~50억 미만,Back-end Dev.,S-2, , , ,금융등,,
EMP-408851,2002,3,1,7,"제2금융권,공공기관,제1금융권,통신사 등 다양한 SI 프로젝트 수행",(중소형) 20억 이상~50억 미만,Back-end Dev.,S-2, , , ,금융등,,
EMP-408924,2003,4,1,7,"제2금융권,공공기관,제1금융권,통신사 등 다양한 SI 프로젝트 수행",(중소형) 20억 이상~50억 미만,Back-end Dev.,S-2, , , ,금융등,,
EMP-409028,2004,5,1,7,"제2금융권,공공기관,제1금융권,통신사 등 다양한 SI 프로젝트 수행",(중소형) 20억 이상~50억 미만,Back-end Dev.,S-2, , , ,금융등,,
EMP-409101,2005,6,1,7,"제2금융권,공공기관,제1금융권,통신사 등 다양한 SI 프로젝트 수행",(중소형) 20억 이상~50억 미만,Back-end Dev.,S-2, , , ,금융등,,
EMP-409174,2006,7,1,7,"제2금융권,공공기관,제1금융권,통신사 등 다양한 SI 프로젝트 수행,금융기관,제2금융권,제2금융권등 금융기관 차세대 개발방법론 전문가로 투입되어 개발프로세스 및 분석/설계 리딩, 사내표준개발방법론 제정","(중소형) 20억 이상~50억 미만, (대형) 100억 이상 ~ 500억 미만",Back-end Dev.,S-2,S-24, , ,금융등,,
EMP-409320,2007,8,7,15,"보증보험,공제조합,금융기관,제2금융권,제2금융권등 금융기관 차세대 개발방법론 전문가로 투입되어 개발프로세스 및 분석/설계 리딩, 사내표준개발방법론 제정",(대형) 100억 이상 ~ 500억 미만,Quality Engineering,S-24, , , ,"금융,공공",,
EMP-409393,2008,9,7,15,"보증보험,공제조합,금융기관,제2금융권,제2금융권등 금융기관 차세대 개발방법론 전문가로 투입되어 개발프로세스 및 분석/설계 리딩, 사내표준개발방법론 제정",(대형) 100억 이상 ~ 500억 미만,Quality Engineering,S-24, , , ,"금융,공공",,
EMP-409466,2009,10,7,15,"보증보험,공제조합,금융기관,제2금융권,제2금융권등 금융기관 차세대 개발방법론 전문가로 투입되어 개발프로세스 및 분석/설계 리딩, 사내표준개발방법론 제정",(대형) 100억 이상 ~ 500억 미만,Quality Engineering,S-24, , , ,"금융,공공",,
EMP-409539,2010,11,7,15,"보증보험,공제조합,금융기관,제2금융권,제2금융권등 금융기관 차세대 개발방법론 전문가로 투입되어 개발프로세스 및 분석/설계 리딩, 사내표준개발방법론 제정",(대형) 100억 이상 ~ 500억 미만,Quality Engineering,S-24, , , ,"금융,공공",,
EMP-409612,2011,12,7,15,"보증보험,공제조합,금융기관,제2금융권,제2금융권등 금융기관 차세대 개발방법론 전문가로 투입되어 개발프로세스 및 분석/설계 리딩, 사내표준개발방법론 제정",(대형) 100억 이상 ~ 500억 미만,Quality Engineering,S-24, , , ,"금융,공공",,
EMP-409685,2012,13,7,15,"보증보험,공제조합,금융기관,제2금융권,제2금융권등 금융기관 차세대 개발방법론 전문가로 투입되어 개발프로세스 및 분석/설계 리딩, 사내표준개발방법론 제정",(대형) 100억 이상 ~ 500억 미만,Quality Engineering,S-24, , , ,"금융,공공",,
EMP-409789,2013,14,7,15,"보증보험,공제조합,금융기관,제2금융권,제2금융권등 금융기관 차세대 개발방법론 전문가로 투입되어 개발프로세스 및 분석/설계 리딩, 사내표준개발방법론 제정",(대형) 100억 이상 ~ 500억 미만,Quality Engineering,S-24, , , ,"금융,공공",,
EMP-409862,2014,15,7,15,"보증보험,공제조합,금융기관,제2금융권,제2금융권등 금융기관 차세대 개발방법론 전문가로 투입되어 개발프로세스 및 분석/설계 리딩, 사내표준개발방법론 제정",(대형) 100억 이상 ~ 500억 미만,Quality Engineering,S-24, , , ,"금융,공공",,
EMP-409935,2015,16,16,23,"클라우드향 개발방법론 개발/확산 활동, 제2금융권 , 통신사 , 종합상사,자동차제조 등 다양한 MSA 프로젝트 지원(아키텍처 및 설계방법 가이드)",(소형) 20억 미만,Application Arch.,S-16, , , ,대외 및 그룹사,,
EMP-410008,2016,17,16,23,"클라우드향 개발방법론 개발/확산 활동, 제2금융권 , 통신사 , 종합상사,자동차제조 등 다양한 MSA 프로젝트 지원(아키텍처 및 설계방법 가이드)",(소형) 20억 미만,Application Arch.,S-16, , , ,대외 및 그룹사,,
EMP-410081,2017,18,16,23,"클라우드향 개발방법론 개발/확산 활동, 제2금융권 , 통신사 , 종합상사,자동차제조 등 다양한 MSA 프로젝트 지원(아키텍처 및 설계방법 가이드)",(소형) 20억 미만,Application Arch.,S-16, , , ,대외 및 그룹사,,
EMP-410154,2018,19,16,23,"클라우드향 개발방법론 개발/확산 활동, 제2금융권 , 통신사 , 종합상사,자동차제조 등 다양한 MSA 프로젝트 지원(아키텍처 및 설계방법 가이드)",(소형) 20억 미만,Application Arch.,S-16, , , ,대외 및 그룹사,,
EMP-410227,2019,20,16,23,"클라우드향 개발방법론 개발/확산 활동, 제2금융권 , 통신사 , 종합상사,자동차제조 등 다양한 MSA 프로젝트 지원(아키텍처 및 설계방법 가이드)",(소형) 20억 미만,Application Arch.,S-16, , , ,대외 및 그룹사,,
EMP-410300,2020,21,16,23,"클라우드향 개발방법론 개발/확산 활동, 제2금융권 , 통신사 , 종합상사,자동차제조 등 다양한 MSA 프로젝트 지원(아키텍처 및 설계방법 가이드)",(소형) 20억 미만,Application Arch.,S-16, , , ,대외 및 그룹사,,
EMP-410373,2021,22,16,23,"클라우드향 개발방법론 개발/확산 활동, 제2금융권 , 통신사 , 종합상사,자동차제조 등 다양한 MSA 프로젝트 지원(아키텍처 및 설계방법 가이드)",(소형) 20억 미만,Application Arch.,S-16, , , ,대외 및 그룹사,,
EMP-410446,2022,23,16,23,"클라우드향 개발방법론 개발/확산 활동, 제2금융권 , 통신사 , 종합상사,자동차제조 등 다양한 MSA 프로젝트 지원(아키텍처 및 설계방법 가이드), 통신사,바이오회사,종합상사등 클라우드 아키텍트 역할 수행",(소형) 20억 미만,Application Arch.,S-16, , , ,대외 및 그룹사,,
EMP-410623,2023,24,23,26,"통신사,바이오회사,종합상사등 클라우드 아키텍트 역할 수행",(소형) 20억 미만,Application Arch.,S-16, , , ,대외 및 그룹사,,
EMP-410696,2024,25,23,26,"통신사,바이오회사,종합상사등 클라우드 아키텍트 역할 수행",(소형) 20억 미만,Application Arch.,S-16, , , ,대외 및 그룹사,,
EMP-410769,2025,26,23,26,"통신사,바이오회사,종합상사등 클라우드 아키텍트 역할 수행",(소형) 20억 미만,Application Arch.,S-16, , , ,대외 및 그룹사,,
EMP-576352,2001,1,1,2,[IT서비스] Personalized Portal System for Community,(소형) 20억 미만,개발자,S-1,S-2,S-16, ,미디어/콘텐츠,TRUE,"프로그래머 커리어 시작
동료들과 처음으로 IT 프로젝트 수행

협업의 중요성 인석
"
EMP-576352,2002,2,1,2,"[IT서비스] Personalized Portal System for Community, [IT서비스] 전자 상거래 솔루션, CRM 솔루션 개발","(소형) 20억 미만, (중소형) 20억 이상~50억 미만",개발자,S-1,S-2,S-16,S-18,"미디어/콘텐츠, 유통/물류/서비스",TRUE,"프로그래머 커리어 시작
동료들과 처음으로 IT 프로젝트 수행

협업의 중요성 인석
"
EMP-576352,2003,3,2,3,"[IT서비스] 전자 상거래 솔루션, CRM 솔루션 개발",(중소형) 20억 이상~50억 미만,개발자,S-1,S-2,S-18, ,유통/물류/서비스,FALSE,
EMP-576352,2004,4,4,6,[IT서비스 ]온라인 SW 전문 쇼핑몰 구축 및 운영,(중소형) 20억 이상~50억 미만,"분석/설계, 개발자, 운영자",S-1,S-2,S-18, ,유통/물류/서비스,FALSE,
EMP-576352,2005,5,4,6,[IT서비스 ]온라인 SW 전문 쇼핑몰 구축 및 운영,(중소형) 20억 이상~50억 미만,"분석/설계, 개발자, 운영자",S-1,S-2,S-18, ,유통/물류/서비스,FALSE,
EMP-576352,2006,6,4,6,"[IT서비스 ]온라인 SW 전문 쇼핑몰 구축 및 운영, [게임] 온라인 컨텐츠 서비스 구축, [게임] 일반기업 포탈 : 블로그, 사진,갤러리 서비스 구축/운영","(중소형) 20억 이상~50억 미만, (소형) 20억 미만, (중형) 50억 이상 ~ 100억 미만","분석/설계, 개발자, 운영자",S-1,S-2,S-18, ,"유통/물류/서비스, 미디어/콘텐츠",FALSE,
EMP-576352,2007,7,6,7,"[게임] 온라인 컨텐츠 서비스 구축, [게임] 게임회사 포탈 : 블로그, 사진,갤러리 서비스 구축/운영, [IT서비스 systems] 통합그룹웨어 솔루션 개발","(소형) 20억 미만, (중형) 50억 이상 ~ 100억 미만, (중소형) 20억 이상~50억 미만","개발자, 분석/설계, 개발자, 운영자, 분석/설계, 개발, PL",S-1,S-2,S-16, ,미디어/콘텐츠,FALSE,
EMP-576352,2008,8,7,8,"[IT서비스 systems] 통합그룹웨어 솔루션(Xone) 개발, [조선] 포탈 시스템 구축 프로젝트","(중소형) 20억 이상~50억 미만, (소형) 20억 미만","분석/설계, 개발, PL",S-1,S-2,S-13,S-30,"공통, (제조) 대외",FALSE,
EMP-576352,2009,9,8,9,"[조선] 포탈 시스템 구축 프로젝트, [제약] 포탈 시스템 구축 프로젝트,[제2금융권] 포탈 시스텐 구축 프로젝트,[섬유] 포탈 시스템 구축 프로젝트",(소형) 20억 미만,"분석/설계, 개발, PL",S-1,S-2,S-30, ,"(제조) 대외,제1금융",TRUE,"생애 최초 대외 SI 사업 수행
프로젝트 일정 관리 및 Risk 대응 방법에 대한 중요성 체감"
EMP-576352,2010,10,10,10,"[제2금융권] 포탈 시스템 구축 프로젝트, [공공기관] 메신지 서비스 구축 프로젝트","(중형) 50억 이상 ~ 100억 미만, (중소형) 20억 이상~50억 미만","분석/설계, 개발",S-1,S-2,S-16, ,"제1금융, 공공",FALSE,
EMP-576352,2011,11,11,11,"[국방연구기관] 포탈 시스템 구축 프로젝트, [IT서비스 Asset] 영업 관리 시스템 구축",(소형) 20억 미만,"분석/설계, 개발, PL",S-1,S-2,S-30, ,"공공, 유통/물류/서비스",TRUE,공공 프로젝트 수행 경험 습득
EMP-576352,2012,12,12,12,[자동차부품] 포탈 시스템 구축 프로젝트,"(중소형) 20억 이상~50억 미만, (소형) 20억 미만","분석/설계, 개발, PL, PM",S-1,S-2,S-30,S-18,"(제조) 대외, 유통/물류/서비스",FALSE,
EMP-576352,2013,13,13,14,[건설] EP(Enter prise) 포탈 시스템 구축,(중소형) 20억 이상~50억 미만,"분석/설계, 개발, PL",S-2,S-18,S-30, ,(제조) 대외,TRUE,PL 역할을 하면 PM 역할의 중요성의 깨우침
EMP-576352,2014,14,13,14,[건설] EP(Enter prise) 포탈 시스템 구축,(중소형) 20억 이상~50억 미만,"분석/설계, 개발, PL",S-2,S-18,S-30, ,(제조) 대외,TRUE,PL 역할을 하면 PM 역할의 중요성의 깨우침
EMP-576352,2015,15,15,15,"[전자기기] EP 포탈 시스템 구축, [SI업체] 메일시스템 업그레이드 및 AD RMS 적용",(소형) 20억 미만,"PM, 분석/설계",P-2,S-3,P-4,S-18,"(제조) 대외, 공통, (제조) 대내 Process",TRUE,"PM 역할에 충실한 첫 프로젝트

협력사 인력 이슈 발생으로 심적, 육체적을 많이 힘든 프로젝트

BP 관리의 중요성을 절실하게 느낌
"
EMP-576352,2016,16,15,16,"[SI업체] 메일시스템 업그레이드 및 AD RMS 적용, [반도체제조업] 통합 결재 시스템 운영 총괄",(소형) 20억 미만,"PM, 분석/설계",P-4,S-18, , ,"공통, (제조) 대내 Process",FALSE,
EMP-576352,2017,17,16,25,[반도체제조업] 통합 결재 시스템 운영 총괄,(소형) 21억 미만,"PL, 분석/설계, Application/Technical Architect",S-30,S-16,S-18, ,(제조) 대내 Hi-Tech,TRUE,"고객사 주요 시스템 총괄 업무 수행

업무 서브 모듈별 다양한 고객사 현업과 업무 협업 수행

커뮤니케이션 및 협상 역량 향상 기회

지속적 학습의 중요성 인식"
EMP-576352,2018,18,16,25,[반도체제조업] 통합 결재 시스템 운영 총괄,(소형) 22억 미만,"PL, 분석/설계, Application/Technical Architect",S-30,S-16,S-18, ,(제조) 대내 Hi-Tech,TRUE,"고객사 주요 시스템 총괄 업무 수행

업무 서브 모듈별 다양한 고객사 현업과 업무 협업 수행

커뮤니케이션 및 협상 역량 향상 기회

지속적 학습의 중요성 인식"
EMP-576352,2019,19,16,25,[반도체제조업] 통합 결재 시스템 운영 총괄,(소형) 23억 미만,"PL, 분석/설계, Application/Technical Architect",S-30,S-16,S-18, ,(제조) 대내 Hi-Tech,TRUE,"고객사 주요 시스템 총괄 업무 수행

업무 서브 모듈별 다양한 고객사 현업과 업무 협업 수행

커뮤니케이션 및 협상 역량 향상 기회

지속적 학습의 중요성 인식"
EMP-576352,2020,20,16,25,[반도체제조업] 통합 결재 시스템 운영 총괄,(소형) 24억 미만,"PL, 분석/설계, Application/Technical Architect",S-30,S-16,S-18, ,(제조) 대내 Hi-Tech,TRUE,"고객사 주요 시스템 총괄 업무 수행

업무 서브 모듈별 다양한 고객사 현업과 업무 협업 수행

커뮤니케이션 및 협상 역량 향상 기회

지속적 학습의 중요성 인식"
EMP-576352,2021,21,16,25,[반도체제조업] 통합 결재 시스템 운영 총괄,(소형) 25억 미만,"PL, 분석/설계, Application/Technical Architect",S-30,S-16,S-18, ,(제조) 대내 Hi-Tech,TRUE,"고객사 주요 시스템 총괄 업무 수행

업무 서브 모듈별 다양한 고객사 현업과 업무 협업 수행

커뮤니케이션 및 협상 역량 향상 기회

지속적 학습의 중요성 인식"
EMP-576352,2022,22,16,25,[반도체제조업] 통합 결재 시스템 운영 총괄,(소형) 26억 미만,"PL, 분석/설계, Application/Technical Architect",S-30,S-16,S-18, ,(제조) 대내 Hi-Tech,TRUE,"고객사 주요 시스템 총괄 업무 수행

업무 서브 모듈별 다양한 고객사 현업과 업무 협업 수행

커뮤니케이션 및 협상 역량 향상 기회

지속적 학습의 중요성 인식"
EMP-576352,2023,23,16,25,[반도체제조업] 통합 결재 시스템 운영 총괄,(소형) 27억 미만,"PL, 분석/설계, Application/Technical Architect",S-30,S-16,S-18, ,(제조) 대내 Hi-Tech,TRUE,"고객사 주요 시스템 총괄 업무 수행

업무 서브 모듈별 다양한 고객사 현업과 업무 협업 수행

커뮤니케이션 및 협상 역량 향상 기회

지속적 학습의 중요성 인식"
EMP-576352,2024,24,16,25,[반도체제조업] 통합 결재 시스템 운영 총괄,(소형) 28억 미만,"PL, 분석/설계, Application/Technical Architect",S-30,S-16,S-18, ,(제조) 대내 Hi-Tech,TRUE,"고객사 주요 시스템 총괄 업무 수행

업무 서브 모듈별 다양한 고객사 현업과 업무 협업 수행

커뮤니케이션 및 협상 역량 향상 기회

지속적 학습의 중요성 인식"
EMP-576352,2025,25,16,25,[반도체제조업] 통합 결재 시스템 운영 총괄,(소형) 29억 미만,"PL, 분석/설계, Application/Technical Architect",S-30,S-16,S-18, ,(제조) 대내 Hi-Tech,TRUE,"고객사 주요 시스템 총괄 업무 수행

업무 서브 모듈별 다양한 고객사 현업과 업무 협업 수행

커뮤니케이션 및 협상 역량 향상 기회

지속적 학습의 중요성 인식"
EMP-714980,1998,1,1,4,통신사 지능망 서비스 구축,(중소형) 20억 이상~50억 미만,개발자,S-2,S-1, , ,통신,TRUE,Unix 시스템 프로그래밍과 UI 프레임워크를 사용하여 C/S 기반 프로그래밍 시작
EMP-714980,1999,2,1,4,통신사 지능망 서비스 구축,(중소형) 20억 이상~50억 미만,개발자,S-2,S-1, , ,통신,TRUE,Unix 시스템 프로그래밍과 UI 프레임워크를 사용하여 C/S 기반 프로그래밍 시작
EMP-714980,2000,3,1,4,통신사 지능망 서비스 구축,(중소형) 20억 이상~50억 미만,개발자,S-2,S-1, , ,통신,TRUE,Unix 시스템 프로그래밍과 UI 프레임워크를 사용하여 C/S 기반 프로그래밍 시작
EMP-714980,2001,4,1,4,통신사 지능망 서비스 구축,(중소형) 20억 이상~50억 미만,개발자,S-2,S-1, , ,통신,TRUE,Unix 시스템 프로그래밍과 UI 프레임워크를 사용하여 C/S 기반 프로그래밍 시작
EMP-714980,2002,5,5,8,"통신사 MS-IN, UCMS 구축",(중소형) 20억 이상~50억 미만,개발자,S-2,S-1, , ,통신,TRUE,시스템 개발 환경이 Java로 전환 
EMP-714980,2003,6,5,8,"통신사 MS-IN, UCMS 구축",(중소형) 20억 이상~50억 미만,개발자,S-2,S-1, , ,통신,TRUE,시스템 개발 환경이 Java로 전환 
EMP-714980,2004,7,5,8,"통신사 MS-IN, UCMS 구축",(중소형) 20억 이상~50억 미만,개발자,S-2,S-1, , ,통신,TRUE,시스템 개발 환경이 Java로 전환 
EMP-714980,2005,8,5,8,"통신사 MS-IN, UCMS 구축",(중소형) 20억 이상~50억 미만,개발자,S-2,S-1, , ,통신,TRUE,시스템 개발 환경이 Java로 전환 
EMP-714980,2006,9,9,14,"통신사 Personal Hub, G1 프로젝트",(중형) 50억 이상 ~ 100억 미만,개발리더,S-2,S-1, , ,통신,TRUE,서비스(통신) 제공 방식이 웹 서비스 형식으로 전환
EMP-714980,2007,10,9,14,"통신사 Personal Hub, G1 프로젝트",(중형) 50억 이상 ~ 100억 미만,개발리더,S-2,S-1, , ,통신,TRUE,서비스(통신) 제공 방식이 웹 서비스 형식으로 전환
EMP-714980,2008,11,9,14,"통신사 Personal Hub, G1 프로젝트",(중형) 50억 이상 ~ 100억 미만,개발리더,S-2,S-1, , ,통신,TRUE,서비스(통신) 제공 방식이 웹 서비스 형식으로 전환
EMP-714980,2009,12,9,14,"통신사 Personal Hub, G1 프로젝트",(중형) 50억 이상 ~ 100억 미만,개발리더,S-2,S-1, , ,통신,TRUE,서비스(통신) 제공 방식이 웹 서비스 형식으로 전환
EMP-714980,2010,13,9,14,"통신사 Personal Hub, G1 프로젝트",(중형) 50억 이상 ~ 100억 미만,개발리더,S-2,S-1, , ,통신,TRUE,서비스(통신) 제공 방식이 웹 서비스 형식으로 전환
EMP-714980,2011,14,9,14,"통신사 Personal Hub, G1 프로젝트",(중형) 50억 이상 ~ 100억 미만,개발리더,S-2,S-1, , ,통신,TRUE,서비스(통신) 제공 방식이 웹 서비스 형식으로 전환
EMP-714980,2012,15,15,16,IT서비스HV 차세대 영업 관리 시스템,(중형) 50억 이상 ~ 100억 미만,개발리더/PM,S-2,S-1, , ,미디어/콘텐츠,TRUE,대형 프로젝트에서 AA의 역할과 형상/빌드/배포 관리 필요성 학습 
EMP-714980,2013,16,15,16,IT서비스HV 차세대 영업 관리 시스템,(중형) 50억 이상 ~ 100억 미만,개발리더/PM,S-2,S-1, , ,미디어/콘텐츠,TRUE,대형 프로젝트에서 AA의 역할과 형상/빌드/배포 관리 필요성 학습 
EMP-714980,2017,20,20,25,통신사 G2 플랫폼 및 UI 5.0 구축,(중형) 50억 이상 ~ 100억 미만,AA,S-16,S-12, , ,미디어/콘텐츠,TRUE,클라우드/PaaS/MSA 등 어플리케이션 현대화 및 DevOps Tool 기반 개발 방식 내재화
EMP-714980,2018,21,20,25,통신사 G2 플랫폼 및 UI 5.0 구축,(중형) 50억 이상 ~ 101억 미만,AA,S-16,S-12, , ,미디어/콘텐츠,TRUE,클라우드/PaaS/MSA 등 어플리케이션 현대화 및 DevOps Tool 기반 개발 방식 내재화
EMP-714980,2019,22,20,25,통신사 G2 플랫폼 및 UI 5.0 구축,(중형) 50억 이상 ~ 102억 미만,AA,S-16,S-12, , ,미디어/콘텐츠,TRUE,클라우드/PaaS/MSA 등 어플리케이션 현대화 및 DevOps Tool 기반 개발 방식 내재화
EMP-714980,2020,23,20,25,통신사 G2 플랫폼 및 UI 5.0 구축,(중형) 50억 이상 ~ 103억 미만,AA,S-16,S-12, , ,미디어/콘텐츠,TRUE,클라우드/PaaS/MSA 등 어플리케이션 현대화 및 DevOps Tool 기반 개발 방식 내재화
EMP-714980,2021,24,20,25,통신사 G2 플랫폼 및 UI 5.0 구축,(중형) 50억 이상 ~ 104억 미만,AA,S-16,S-12, , ,미디어/콘텐츠,TRUE,클라우드/PaaS/MSA 등 어플리케이션 현대화 및 DevOps Tool 기반 개발 방식 내재화
EMP-714980,2022,25,20,25,통신사 G2 플랫폼 및 UI 5.0 구축,(중형) 50억 이상 ~ 105억 미만,AA,S-16,S-12, , ,미디어/콘텐츠,TRUE,클라우드/PaaS/MSA 등 어플리케이션 현대화 및 DevOps Tool 기반 개발 방식 내재화
EMP-714980,2023,26,26,28,렌터카회사 차세대 프로젝트,(중형) 50억 이상 ~ 100억 미만,AA,S-16,S-1, , ,유통/물류/서비스,TRUE,퍼블릭 클라우드 환경에서 서비스(어플리케이션) 개발 및 Frontend 기술 스킬 업
EMP-714980,2024,27,26,28,렌터카회사 차세대 프로젝트,(중형) 50억 이상 ~ 101억 미만,AA,S-16,S-1, , ,유통/물류/서비스,TRUE,퍼블릭 클라우드 환경에서 서비스(어플리케이션) 개발 및 Frontend 기술 스킬 업
EMP-714980,2025,28,26,28,렌터카회사 차세대 프로젝트,(중형) 50억 이상 ~ 102억 미만,AA,S-16,S-1, , ,유통/물류/서비스,TRUE,퍼블릭 클라우드 환경에서 서비스(어플리케이션) 개발 및 Frontend 기술 스킬 업
EMP-577655,1995,1,1,4,개발/대학교 중앙도서관 학술정보 시스템 개발,,Front-End Dev.,S-1, , , ,공공,,
EMP-577655,1996,2,1,4,개발/대학교 중앙도서관 학술정보 시스템 개발,,Front-End Dev.,S-1, , , ,공공,,
EMP-577655,1997,3,1,4,개발/대학교 중앙도서관 학술정보 시스템 개발,,Front-End Dev.,S-1, , , ,공공,,
EMP-577655,1998,4,4,7,"SystemAdmin/대학 도서관 시스템, 개발/대학 중앙도서관 학술정보 시스템 개발, SystemAdmin/대학 도서관 시스템",,"Front-End Dev. , Back-End Dev.",S-2,S-1, , ,공공,,
EMP-577655,1999,5,4,7,SystemAdmin/대학 도서관 시스템,,"Front-End Dev. , Back-End Dev.",S-2,S-1, , ,공공,,
EMP-577655,2000,6,4,7,SystemAdmin/대학 도서관 시스템,,"Front-End Dev. , Back-End Dev.",S-2,S-1, , ,공공,,
EMP-577655,2001,7,4,7,"SystemAdmin/대학 도서관 시스템, 고문헌, 석박사 논문 디지털 검색시스템 개발 /대학 전자도서관 시스템 개발",,"Front-End Dev. , Back-End Dev.",S-2,S-1, , ,공공,,
EMP-577655,2002,8,7,10,"고문헌, 석박사 논문 디지털 검색시스템 개발 /대학 전자도서관 시스템 개발",,"Front-End Dev. , Back-End Dev.",S-2,S-1, , ,공공,,
EMP-577655,2003,9,7,10,"고문헌, 석박사 논문 디지털 검색시스템 개발 /대학 전자도서관 시스템 개발",,"Front-End Dev. , Back-End Dev.",S-2,S-1, , ,공공,,
EMP-577655,2004,10,7,10,"고문헌, 석박사 논문 디지털 검색시스템 개발 /대학 전자도서관 시스템 개발, Tuxeso Gateway개발/제1금융권 차세대시스템",,"Front-End Dev. , Back-End Dev.",S-2,S-1, , ,"공공, 은행",,
EMP-577655,2005,11,10,13,Tuxeso Gateway개발/제1금융권 차세대시스템,,Back-End Dev.,S-2, , , ,은행,,
EMP-577655,2006,12,10,13,Tuxeso Gateway개발/제1금융권 차세대시스템,,Back-End Dev.,S-2, , , ,은행,,
EMP-577655,2007,13,13,16,"Non-IT업 및 IT업장비 신호 Application 인터페이스/공항공사 2단계 경비보안 시스템, Tuxeso Gateway개발/제1금융권 차세대시스템",,Back-End Dev.,S-2, , , ,공공,,
EMP-577655,2010,16,16,16,기상위성데이터 처리/천리안 기상위성 영상 처리,,Back-End Dev.,S-2, , , ,공공,,
EMP-577655,2011,17,17,17,"Appication Architect/공공의료 시스템 고도화, Appication Architect/해운회사 차세대",,Application Arch.,S-16, , , ,의료,,
EMP-577655,2012,18,17,18,"Appication Architect/해운회사 차세대, Appication Architect/온라인서점 차세대",,Application Arch.,S-16, , , ,물류,,
EMP-577655,2013,19,18,19,"Appication Architect/온라인서비스 차세대, Appication Architect/제2금융권 생명 OS",,Application Arch.,S-16, , , ,유통,,
EMP-577655,2014,20,19,26,Appication Architect/제2금융권 생명 OS,,Application Arch.,S-16, , , ,보험,,
EMP-577655,2015,21,19,26,Appication Architect/제2금융권 생명 OS,,Application Arch.,S-16, , , ,보험,,
EMP-577655,2016,22,19,26,Appication Architect/제2금융권 생명 OS,,Application Arch.,S-16, , , ,보험,,
EMP-577655,2017,23,19,26,Appication Architect/제2금융권 생명 OS,,Application Arch.,S-16, , , ,보험,,
EMP-577655,2018,24,19,26,Appication Architect/제2금융권 생명 OS,,Application Arch.,S-16, , , ,보험,,
EMP-577655,2019,25,19,26,Appication Architect/제2금융권 생명 OS,,Application Arch.,S-16, , , ,보험,,
EMP-577655,2020,26,26,26,"Appication Architect/제2금융권 생명 EOS 프로젝트​, Appication Architect/제2금융권 생명 OS",,Application Arch.,S-16, , , ,보험,,
EMP-577655,2021,27,26,28,Appication Architect/제2금융권 생명 OS,,Application Arch.,S-16, , , ,보험,,
EMP-577655,2022,28,26,28,Appication Architect/제2금융권 생명 OS,,Application Arch.,S-16, , , ,보험,,
EMP-577655,2023,29,29,29,"AI OCR 인식률 개선/건설공제 고객중심 정보시스템 고도화 사업수행, Application컨설팅/유통 EOS 사전 전환 컨설팅",,Application Arch.,S-16, , , ,"공공, 유통/물류/서비스",,
EMP-577655,2024,30,29,31,"Application컨설팅/유통 EOS 사전 전환 컨설팅, Application Arch./제2금융권 IT 어플리케이션 개발 및 운영 서비스, 제안/신용정보기관 차세대 시스템 구축, Appication Architect/공공기관 지능형 복지 플랫폼",,Application Arch.,S-16, , , ,"유통, 보험, 공공",,
EMP-577655,2025,31,29,31,"Application컨설팅/유통 EOS 사전 전환 컨설팅, Appication Architect/공적연금 지능형 연금복지 플랫폼, Proframe-C Core Dump 이슈해결/공적연금 지능형 연금복지 플랫폼, 제안/제2금융권차세대, 연금마당PorTechnical Arch.l /공적연금 지능형 연금복지 플랫폼",,Application Arch.,S-16, , , ,"유통, 보험, 공공",,
EMP-347988,2003,1,1,19,"통신業 SDN IP장비 구축 및 PMO, 통신業 SDN IP장비 유지보수, 통신業 ITSM 구축 및 운영, 통신業 NW보안장비 구축","(소형) 20억 미만, (중형) 50억 이상 ~ 100억 미만","PM 3년, PL 14년",S-12,S-30,,,통신,,
EMP-347988,2004,2,1,19,"통신業 SDN IP장비 구축 및 PMO, 통신業 SDN IP장비 유지보수, 통신業 ITSM 구축 및 운영, 통신業 NW보안장비 구축","(소형) 20억 미만, (중형) 50억 이상 ~ 100억 미만","PM 3년, PL 14년",S-12,S-30,,,통신,,
EMP-347988,2005,3,1,19,"통신業 SDN IP장비 구축 및 PMO, 통신業 SDN IP장비 유지보수, 통신業 ITSM 구축 및 운영, 통신業 NW보안장비 구축","(소형) 20억 미만, (중형) 50억 이상 ~ 100억 미만","PM 3년, PL 14년",S-12,S-30,,,통신,,
EMP-347988,2006,4,1,19,"통신業 SDN IP장비 구축 및 PMO, 통신業 SDN IP장비 유지보수, 통신業 ITSM 구축 및 운영, 통신業 NW보안장비 구축","(소형) 20억 미만, (중형) 50억 이상 ~ 100억 미만","PM 3년, PL 14년",S-12,S-30,,,통신,,
EMP-347988,2007,5,1,19,"통신業 SDN IP장비 구축 및 PMO, 통신業 SDN IP장비 유지보수, 통신業 ITSM 구축 및 운영, 통신業 NW보안장비 구축","(소형) 20억 미만, (중형) 50억 이상 ~ 100억 미만","PM 3년, PL 14년",S-12,S-30,,,통신,,
EMP-347988,2008,6,1,19,"통신業 SDN IP장비 구축 및 PMO, 통신業 SDN IP장비 유지보수, 통신業 ITSM 구축 및 운영, 통신業 NW보안장비 구축","(소형) 20억 미만, (중형) 50억 이상 ~ 100억 미만","PM 3년, PL 14년",S-12,S-30,P-1,S-15,통신,,
EMP-347988,2009,7,1,19,"통신業 SDN IP장비 구축 및 PMO, 통신業 SDN IP장비 유지보수, 통신業 ITSM 구축 및 운영, 통신業 NW보안장비 구축","(소형) 20억 미만, (중형) 50억 이상 ~ 100억 미만","PM 3년, PL 14년",S-12,S-30,P-1,S-15,통신,,
EMP-347988,2010,8,1,19,"통신業 SDN IP장비 구축 및 PMO, 통신業 SDN IP장비 유지보수, 통신業 ITSM 구축 및 운영, 통신業 NW보안장비 구축","(소형) 20억 미만, (중형) 50억 이상 ~ 100억 미만","PM 3년, PL 14년",S-12,S-30,P-1,S-15,통신,,
EMP-347988,2011,9,1,19,"통신業 SDN IP장비 구축 및 PMO, 통신業 SDN IP장비 유지보수, 통신業 ITSM 구축 및 운영, 통신業 NW보안장비 구축","(소형) 20억 미만, (중형) 50억 이상 ~ 100억 미만","PM 3년, PL 14년",S-12,S-30,P-1,S-15,통신,,
EMP-347988,2012,10,1,19,"통신業 SDN IP장비 구축 및 PMO, 통신業 SDN IP장비 유지보수, 통신業 ITSM 구축 및 운영, 통신業 NW보안장비 구축","(소형) 20억 미만, (중형) 50억 이상 ~ 100억 미만","PM 3년, PL 14년",S-12,S-30,P-1,S-15,통신,,
EMP-347988,2013,11,1,19,"통신業 SDN IP장비 구축 및 PMO, 통신業 SDN IP장비 유지보수, 통신業 ITSM 구축 및 운영, 통신業 NW보안장비 구축","(소형) 20억 미만, (중형) 50억 이상 ~ 100억 미만","PM 3년, PL 14년",S-12,S-30,P-1,S-15,통신,,
EMP-347988,2014,12,1,19,"통신業 SDN IP장비 구축 및 PMO, 통신業 SDN IP장비 유지보수, 통신業 ITSM 구축 및 운영, 통신業 NW보안장비 구축","(소형) 20억 미만, (중형) 50억 이상 ~ 100억 미만","PM 3년, PL 14년",S-12,S-30,P-1,S-15,통신,,
EMP-347988,2015,13,1,19,"통신業 SDN IP장비 구축 및 PMO, 통신業 SDN IP장비 유지보수, 통신業 ITSM 구축 및 운영, 통신業 NW보안장비 구축","(소형) 20억 미만, (중형) 50억 이상 ~ 100억 미만","PM 3년, PL 14년",S-12,S-30,P-1,S-15,통신,,
EMP-347988,2016,14,1,19,"통신業 SDN IP장비 구축 및 PMO, 통신業 SDN IP장비 유지보수, 통신業 ITSM 구축 및 운영, 통신業 NW보안장비 구축","(소형) 20억 미만, (중형) 50억 이상 ~ 100억 미만","PM 3년, PL 14년",S-12,S-30,P-1,S-15,통신,,
EMP-347988,2017,15,1,19,"통신業 SDN IP장비 구축 및 PMO, 통신業 SDN IP장비 유지보수, 통신業 ITSM 구축 및 운영, 통신業 NW보안장비 구축","(소형) 20억 미만, (중형) 50억 이상 ~ 100억 미만","PM 3년, PL 14년",S-12,S-30,P-1,S-15,통신,,
EMP-347988,2018,16,1,19,"통신業 SDN IP장비 구축 및 PMO, 통신業 SDN IP장비 유지보수, 통신業 ITSM 구축 및 운영, 통신業 NW보안장비 구축","(소형) 20억 미만, (중형) 50억 이상 ~ 100억 미만","PM 3년, PL 14년",S-12,S-30,P-1,S-15,통신,,
EMP-347988,2019,17,1,19,"통신業 SDN IP장비 구축 및 PMO, 통신業 SDN IP장비 유지보수, 통신業 ITSM 구축 및 운영, 통신業 NW보안장비 구축","(소형) 20억 미만, (중형) 50억 이상 ~ 100억 미만","PM 3년, PL 14년",S-12,S-30,P-1,S-15,통신,,
EMP-347988,2020,18,1,19,"통신業 SDN IP장비 구축 및 PMO, 통신業 SDN IP장비 유지보수, 통신業 ITSM 구축 및 운영, 통신業 NW보안장비 구축","(소형) 20억 미만, (중형) 50억 이상 ~ 100억 미만","PM 3년, PL 14년",S-12,S-30,P-1,S-15,통신,,
EMP-347988,2021,19,1,19,"통신業 SDN IP장비 구축 및 PMO, 통신業 ITSM 구축 및 운영","(소형) 20억 미만, (중형) 50억 이상 ~ 100억 미만","PM 3년, PL 14년",S-12,S-30,P-1,S-15,통신,,
EMP-347988,2022,20,1,23,"통신業 SDN IP장비 유지보수, 통신業 ITSM 구축 및 운영","(소형) 20억 미만, (중형) 50억 이상 ~ 100억 미만","PM 4년, PL 18년",S-12,S-30,P-1,S-15,통신,,신입사원으로 처음 담당하게 된 IP장비 유지보수 사업
EMP-347988,2023,21,1,23,"통신業 SDN IP장비 유지보수, 통신業 ITSM 구축 및 운영","(소형) 20억 미만, (중형) 50억 이상 ~ 100억 미만","PM 4년, PL 18년",S-12,S-30,P-1,S-15,통신,,신입사원으로 처음 담당하게 된 IP장비 유지보수 사업
EMP-347988,2024,22,1,23,"통신業 SDN IP장비 유지보수, 통신業 ITSM 구축 및 운영","(소형) 20억 미만, (중형) 50억 이상 ~ 100억 미만","PM 4년, PL 18년",S-12,S-30,P-1,S-15,통신,,신입사원으로 처음 담당하게 된 IP장비 유지보수 사업
EMP-347988,2025,23,1,23,"통신業 SDN IP장비 유지보수, 통신業 ITSM 구축 및 운영","(소형) 20억 미만, (중형) 50억 이상 ~ 100억 미만","PM 4년, PL 18년",S-12,S-30,P-1,S-15,통신,,신입사원으로 처음 담당하게 된 IP장비 유지보수 사업
EMP-262679,1995,1,1,6,화학 시스템 운영,-,SE (System Engineer),S-12,,,,제조,,
EMP-262679,1996,2,1,6,화학 시스템 운영,-,SE (System Engineer),S-12,,,,제조,,
EMP-262679,1997,3,1,6,화학 시스템 운영,-,SE (System Engineer),S-12,,,,제조,,
EMP-262679,1998,4,1,6,화학 시스템 운영,-,SE (System Engineer),S-12,,,,제조,,
EMP-262679,1999,5,1,6,화학 시스템 운영,-,SE (System Engineer),S-12,,,,제조,,
EMP-262679,2000,6,6,11,"에너지/화학 계열사 Windows NT, MS-SQL 서버 구축/운영",-,SE (System Engineer),S-12,,,,제조,,
EMP-262679,2001,7,6,11,"에너지/화학 계열사 Windows NT, MS-SQL 서버 구축/운영",-,SE (System Engineer),S-12,,,,제조,,
EMP-262679,2002,8,6,11,"에너지/화학 계열사 Windows NT, MS-SQL 서버 구축/운영, 통신사 통합운영관리체계 정립/통합운영관리 시스템 구축",-,"SE (System Engineer), PL",S-12,S-30,,,제조,,
EMP-262679,2003,9,6,11,"에너지/화학 계열사 Windows NT, MS-SQL 서버 구축/운영, 통신사 통합운영관리체계 정립/통합운영관리 시스템 구축",-,"SE (System Engineer), PL",S-12,S-30,,,제조,,
EMP-262679,2004,10,6,11,"에너지/화학 계열사 Windows NT, MS-SQL 서버 구축/운영, 통신사 통합운영관리체계 정립/통합운영관리 시스템 구축",-,"SE (System Engineer), PL",S-12,S-30,,,제조,,
EMP-262679,2005,11,6,11,"에너지/화학 계열사 Windows NT, MS-SQL 서버 구축/운영",-,"SE (System Engineer), PL",S-12,S-30,,,제조,,
EMP-262679,2006,12,11,12,"정부기관 2단계 구축, 통신사 통합운영관리 시스템 고도화",(대형) 100억 이상 ~ 500억 미만,PL,S-12,S-24,S-30,S-23,공공,,
EMP-262679,2007,13,13,14,정부기관 통합운영환경 위탁운영,,PL,S-12,S-24,,,공공,,
EMP-262679,2008,14,13,14,정부기관 통합운영환경 위탁운영,,PL,S-12,S-24,,,공공,,
EMP-262679,2009,15,15,16,제1금융권 ITSM 4차 구축 사업,(중소형) 20억 이상~50억 미만,"PL, PM",S-12,S-24,P-1,,금융,,
EMP-262679,2010,16,15,16,"제1금융권 ITSM 4차 구축 사업, 정부기관 통합자원 인프라 구축",(중소형) 20억 이상~50억 미만,"PL, PM",S-12,S-24,P-1,,금융,,
EMP-262679,2011,17,17,17,금융지주 IT통합운영관리체계 구축,,PM,S-12,S-24,P-1,,금융,,
EMP-262679,2012,18,18,18,조선회사 IT업인프라 구조 진단,,PL,S-12,S-24,S-30,,제조,,
EMP-262679,2013,19,19,19,"그룹사 시스템 운영관리 솔루션(SOL) 개발/유통 사업, 제1금융권 정보시스템 운영 사업",(대형) 100억 이상 ~ 500억 미만,PM,S-12,S-24,P-1a,S-30,금융,,
EMP-262679,2014,20,19,20,제2금융권 IT인프라 통합유지보수,,PM,S-12,S-24,P-1,,금융,,
EMP-262679,2015,21,20,21,제1금융권 IT업무지원시스템 구축,(중소형) 20억 이상~50억 미만,PM,S-12,S-24,P-1,,금융,,
EMP-262679,2016,22,21,23,"IT장비회사 서버, 스토리지, 네트워크 장비 파트너 사업",-,PL,S-29,S-30,,,금융,,
EMP-262679,2017,23,21,23,"IT장비회사 서버, 스토리지, 네트워크 장비 파트너 사업",-,PL,S-29,S-30,,,금융,,
EMP-262679,2018,24,24,26,제1금융권 차세대,(초대형) 500억,PL,S-12,S-24,S-30,,금융,,
EMP-262679,2019,25,24,26,제1금융권 차세대,(초대형) 500억,PL,S-12,S-24,S-30,,금융,,
EMP-262679,2020,26,24,26,제1금융권 차세대,(초대형) 500억,PL,S-12,S-24,S-30,,금융,,
EMP-262679,2021,27,27,27,금융그룹 공용 클라우드 구축 - 2단계,(대형) 100억 이상 ~ 500억 미만,PL,S-12,S-30,,,금융,,
EMP-262679,2022,28,28,31,제1금융권 IT통합유지보수,(대형) 100억 이상 ~ 500억 미만,PM,P-1a,,,,금융,,
EMP-262679,2023,29,28,31,제1금융권 IT통합유지보수,(대형) 100억 이상 ~ 500억 미만,PM,P-1a,,,,금융,,
EMP-262679,2024,30,28,31,제1금융권 IT통합유지보수,(대형) 100억 이상 ~ 500억 미만,PM,P-1a,,,,금융,,
EMP-262679,2025,31,28,31,제1금융권 IT통합유지보수,(대형) 100억 이상 ~ 500억 미만,PM,P-1a,,,,금융,,
EMP-202827,1995,1,1,10,화학회사 전산시스템운영 및 통신사그룹 전산 시스템 이전 통합,,"System Prgrammer, unix Administrator, DB2 DBA",S-12,S-13,,,SK그룹,,
EMP-202827,1996,2,1,10,화학회사 전산시스템운영 및 통신사그룹 전산 시스템 이전 통합,,"System Prgrammer, unix Administrator, DB2 DBA",S-12,S-13,,,SK그룹,,
EMP-202827,1997,3,1,10,화학회사 전산시스템운영 및 통신사그룹 전산 시스템 이전 통합,,"System Prgrammer, unix Administrator, DB2 DBA",S-12,S-13,,,SK그룹,,
EMP-202827,1998,4,1,10,화학회사 전산시스템운영 및 통신사그룹 전산 시스템 이전 통합,,"System Prgrammer, unix Administrator, DB2 DBA",S-12,S-13,,,SK그룹,,
EMP-202827,1999,5,1,10,화학회사 전산시스템운영 및 통신사그룹 전산 시스템 이전 통합,,"System Prgrammer, unix Administrator, DB2 DBA",S-12,S-13,,,SK그룹,,
EMP-202827,2000,6,1,10,화학회사 전산시스템운영 및 통신사그룹 전산 시스템 이전 통합,,"System Prgrammer, unix Administrator, DB2 DBA",S-12,S-13,,,SK그룹,,
EMP-202827,2001,7,1,10,화학회사 전산시스템운영 및 통신사그룹 전산 시스템 이전 통합,,"System Prgrammer, unix Administrator, DB2 DBA",S-12,S-13,,,SK그룹,,
EMP-202827,2002,8,1,10,화학회사 전산시스템운영 및 통신사그룹 전산 시스템 이전 통합,,"System Prgrammer, unix Administrator, DB2 DBA",S-12,S-13,,,SK그룹,,
EMP-202827,2003,9,1,10,화학회사 전산시스템운영 및 통신사그룹 전산 시스템 이전 통합,,"System Prgrammer, unix Administrator, DB2 DBA",S-12,S-13,,,SK그룹,,
EMP-202827,2004,10,1,10,화학회사 전산시스템운영 및 통신사그룹 전산 시스템 이전 통합,,"System Prgrammer, unix Administrator, DB2 DBA",S-12,S-13,,,SK그룹,,
EMP-202827,2005,11,10,12,eSCM 품질관리 도입 사업,,PL,S-24,S-30,,,SK그룹,,
EMP-202827,2006,12,10,12,eSCM 품질관리 도입 사업,,PL,S-24,S-30,,,SK그룹,,
EMP-202827,2007,13,12,13,제1금융권 ITSM 1차 사업,(중형) 50억 이상 ~ 100억 미만,PL,S-24,S-30,,,금융,,
EMP-202827,2007,13,13,13,제1금융권 ITSM 2차 사업,(중소형) 20억 이상~50억 미만,PL,S-24,S-30,,,금융,,
EMP-202827,2009,15,15,15,제1금융권 Helpdesk 구축사업,(중소형) 20억 이상~50억 미만,PM,S-24,,,,금융,,
EMP-202827,2009,15,15,15,제1금융권 ITSM 4차사업,(중소형) 20억 이상~50억 미만,PM,S-24,,,,금융,,
EMP-202827,2010,16,16,17,정부기관 3-1 자원통합사업,(대형) 100억 이상 ~ 500억 미만,PM,P-1a,,,,공공,,
EMP-202827,2011,17,17,18,정부기관 클라우드 ISP 사업,(소형) 20억 미만,PM,P-1,,,,공공,,
EMP-202827,2012,18,18,18,정부기관 2-3 자원통합사업,(대형) 100억 이상 ~ 500억 미만,PM,P-1a,,,,공공,,
EMP-202827,2014,20,20,20,정부기관 3.0 클라우드 사업,(중소형) 20억 이상~50억 미만,PM,P-1,,,,공공,,
EMP-202827,2014,20,20,20,정부기관 3.0 클라우드 사업,(중소형) 20억 이상~50억 미만,PM,P-1,,,,공공,,
EMP-202827,2016,22,22,23,지방정부 클라우드 설계,(중소형) 20억 이상~50억 미만,PM,P-1,,,,공공,,
EMP-202827,2017,23,23,24,제1금융권 데이터센터 클라우드 설계,(소형) 20억 미만,PM,P-1,,,,금융,,
EMP-202827,2018,24,24,25,지방정부 클라우드 개발검증시스템 구축,(중소형) 20억 이상~50억 미만,PM,P-1,,,,공공,,
EMP-202827,2019,25,24,25,지방정부 클라우드 개발검증시스템 구축,(중소형) 20억 이상~50억 미만,PM,P-1,,,,공공,,
EMP-202827,2020,26,26,28,제1금융권 그룹 공용클라우드 구축,(대형) 100억 이상 ~ 500억 미만,PM,P-1a,,,,금융,,
EMP-202827,2021,27,26,28,제1금융권 그룹 공용클라우드 구축,(대형) 100억 이상 ~ 500억 미만,PM,P-1a,,,,금융,,
EMP-202827,2022,28,26,28,제1금융권 그룹 공용클라우드 구축,(대형) 100억 이상 ~ 500억 미만,PM,P-1a,,,,금융,,
EMP-202827,2024,30,30,31,제1금융권 경기IT센터 구축 및 이전사업,(대형) 100억 이상 ~ 500억 미만,PM,P-1a,,,,금융,,
EMP-202827,2025,31,30,31,제1금융권 경기IT센터 구축 및 이전사업,(대형) 100억 이상 ~ 500억 미만,PM,P-1a,,,,금융,,
EMP-198261,1995,1,1,5,종합상사 시스템 운영,,"(Mainframe OS/390, DB2) 운영자",S-12,,,,유통/.서비스,,
EMP-198261,1996,2,1,5,종합상사 시스템 운영,,"(Mainframe OS/390, DB2) 운영자",S-12,,,,유통/.서비스,,
EMP-198261,1997,3,1,5,종합상사 시스템 운영,,"(Mainframe OS/390, DB2) 운영자",S-12,,,,유통/.서비스,,
EMP-198261,1998,4,1,5,종합상사 시스템 운영,,"(Mainframe OS/390, DB2) 운영자",S-12,,,,유통/.서비스,,
EMP-198261,1999,5,1,5,종합상사 시스템 운영,,"(Mainframe OS/390, DB2) 운영자",S-12,,,,유통/.서비스,,
EMP-198261,2001,7,7,7,제1금융권 ER 구축,(중소형) 20억 이상~50억 미만,DBA,S-13,,,,금융,,
EMP-198261,2001,7,7,7,제1금융권 ER 구축,(중소형) 20억 이상~50억 미만,DBA,S-13,,,,금융,,
EMP-198261,2002,8,8,8,에너지화학기업 ERP 구축,(대형) 100억 이상 ~ 500억 미만,DBA,S-13,,,,제조,,
EMP-198261,2007,13,13,14,항공사 ITO 제안 및 협상,(초대형) 500억,사업 개발 및 제안PM,,S-30,,,제조,,
EMP-198261,2008,14,13,14,항공사 ITO 제안 및 협상,(초대형) 500억,사업 개발 및 제안PM,,S-30,,,제조,,
EMP-198261,2009,15,14,15,금융기관 1기 ITO 제안 및 협상,(초대형) 500억,사업개발 및 제안PM,,S-30,,,금융,,
EMP-198261,2009,15,15,15,제2금융권 전사콜인프라 개선 제안 및 협상,(대형) 100억 이상 ~ 500억 미만,사업개발 및 제안PM,,S-30,,,금융,,
EMP-198261,2021,27,27,27,유통그룹 2기 ITO 제안 및 협상,(초대형) 500억,제안PM 및 협상,,S-30,,,유통/서비스,,2
EMP-198261,2023,29,29,29,제1금융권 센터 이전 컨설팅 제안,(소형) 20억 미만,제안PM,P-1,S-30,,,금융,,
EMP-198261,2024,30,29,30,금융기관 2기 ITO 수행,(초대형) 500억,수행PM,P-1a,,,,금융,,
EMP-198261,2025,31,30,31,금융기관 3기 ITO 제안 및 수행,(초대형) 500억,수행PM,P-1a,,,,금융,,
EMP-100001,2010,1,1,3,"제1금융 서버/스토리지 구축, 운영",(중소형) 20억 이상~50억 미만,서버/스토리지 기술지원,S-12,,,,제1금융,TRUE,"1금융권에서 서버/스토리지 구축, 기술지원을 하면서 OS 및 인프라 경험 및 IT 기초 지식을 습득."
EMP-100001,2011,2,1,3,"제1금융 서버/스토리지 구축, 운영",(중소형) 20억 이상~50억 미만,서버/스토리지 기술지원,S-12,,,,제1금융,TRUE,"1금융권에서 서버/스토리지 구축, 기술지원을 하면서 OS 및 인프라 경험 및 IT 기초 지식을 습득."
EMP-100001,2012,3,1,3,"제1금융 서버/스토리지 구축, 운영",(중소형) 20억 이상~50억 미만,서버/스토리지 기술지원,S-12,,,,제1금융,TRUE,"1금융권에서 서버/스토리지 구축, 기술지원을 하면서 OS 및 인프라 경험 및 IT 기초 지식을 습득."
EMP-100001,2013,4,4,5,"공공기관 스토리지 구축, 기술지원",(중소형) 20억 이상~50억 미만,스토리지 기술지원,S-12,,,,공공,FALSE,
EMP-100001,2014,5,4,5,"공공기관 스토리지 구축, 기술지원",(중소형) 20억 이상~50억 미만,스토리지 기술지원,S-12,,,,공공,FALSE,
EMP-100001,2015,6,6,6,제2금융 IDC 이전 및 통계인프라 시스템 구축,(중소형) 20억 이상~50억 미만,스토리지 기술지원,S-12,,,,제2금융,TRUE,"담당 스토리지 시스템에 대한 IDC 이전을 초기 계획, 실행을 주도적으로 진행함."
EMP-100001,2016,7,7,7,제2금융  노후화 스토리지 개선 사업,(중소형) 20억 이상~50억 미만,스토리지 기술지원,S-12,,,,제2금융,FALSE,
EMP-100001,2017,8,8,9,제2금융 차세대 프로젝트 & IDC 이전,(중형) 50억 이상 ~ 100억 미만,스토리지 TA / 기술지원,S-18,S-12,,,제2금융,TRUE,"차세대 스토리지 설계, 구축, IDC 이전 수행하면서 대규모, 장기 프로젝트를 경험함."
EMP-100001,2018,9,8,9,제2금융 차세대 프로젝트 & IDC 이전,(중형) 50억 이상 ~ 100억 미만,스토리지 TA / 기술지원,S-18,S-12,,,제2금융,TRUE,"차세대 스토리지 설계, 구축, IDC 이전 수행하면서 대규모, 장기 프로젝트를 경험함."
EMP-100001,2019,10,10,10,정부 데이터센터 2015년 통합 사업,(중형) 50억 이상 ~ 100억 미만,스토리지 TA / 기술지원,S-18,S-12,,,공공,FALSE,
EMP-100001,2020,11,10,11,제2금융  IDC 이전,(중형) 50억 이상 ~ 100억 미만,스토리지 TA / 기술지원,S-18,S-12,,,제2금융,FALSE,
EMP-100001,2021,12,10,12,제1금융 차세대 프로젝트,(대형) 100억 이상 ~ 500억 미만,스토리지 TA / 기술지원,S-18,S-12,,,제1금융,TRUE,1금융권 고객의 다양하고 쉽지 않은 요구사항을 경험하고 처리함.
EMP-100001,2022,13,13,14,"SK매직/SK바이오텍/SK바이오팜/SK임업 Cloud, On-prem 구축/운영",(중소형) 20억 이상~50억 미만,TA / CA / 운영,S-18,S-12,,,(제조) 대내 Process,TRUE,"SK AX를 입사하면서 기존 스토리지 업무가 아닌 AWS, IBM Cloud, On-premise TA/구축/운영 등의 다양한 업무을 배정받음. 새로운 업무로 커리어 전환을 하게 되는 시기임."
EMP-100001,2023,14,13,14,"SK매직/SK바이오텍/SK바이오팜/SK임업 Cloud, On-prem 구축/운영",(중소형) 20억 이상~50억 미만,TA / CA / 운영,S-18,S-12,,,(제조) 대내 Process,TRUE,"SK AX를 입사하면서 기존 스토리지 업무가 아닌 AWS, IBM Cloud, On-premise TA/구축/운영 등의 다양한 업무을 배정받음. 새로운 업무로 커리어 전환을 하게 되는 시기임."
EMP-100001,2023,14,14,14,에너지 Cloud 백업/소산 프로젝트,(소형) 20억 미만,CA / 구축,S-18,S-12,,,(제조) 대내 Process,FALSE,
EMP-100001,2024,15,15,15,에너지 Cloud 백업/소산 프로젝트,(소형) 20억 미만,CA / 구축,S-18,S-12,,,(제조) 대내 Process,FALSE,
EMP-100001,2024,15,15,15,부산정관에너지 태양광 O&M 프로젝트,(소형) 20억 미만,CA / 구축,S-18,S-12,,,(제조) 대내 Process,TRUE,"AWS 네트워크 구성, 연계 및 보안 구성을 주도적으로 수행함"
EMP-100001,2024,15,15,15,SKT MNO AI 프로젝트,(대형) 100억 이상 ~ 500억 미만,CA / 구축,S-18,S-12,,,통신,TRUE,AWS에서 기존 IaaS위주의 구축을 경험했으나 SKT프로젝트에서 PaaS 및 Microservice의 구축을 경험하게 됨
EMP-100001,2024,15,15,15,유통 브랜드통합관리시스템 프로젝트,(중형) 50억 이상 ~ 100억 미만,CA,S-18,,,,유통/물류/서비스,TRUE,AWS 거버넌스 수립을 경험함
EMP-100001,2025,16,16,16,유통 차세대 프로젝트,(중소형) 20억 이상~50억 미만,CA / 구축,S-18,S-12,,,유통/물류/서비스,TRUE,"CDN, 3rd Party WAF 연동 등 웹서비스 관련 AWS 인프라 구성 및 IaC(테라폼)을 구축"
EMP-100001,2025,16,16,16,제2금융 MSP,(중소형) 20억 이상~50억 미만,CA / 구축 / 운영,S-18,S-12,,,제2금융,TRUE,"AWS Control Tower와 가드레일 그리고 3rd party 방화벽 팔로알토를 운영함. Git, GitHub, 테라폼 엔터프라이즈를 사용하면서 IaC로 AWS 인프라를 구축, 운영하고 CI/CD 파이프라인을 활용"
EMP-100002,2007,1,1,1,제조 MPA  System Upgrade,(소형) 20억 미만,MPA 개발,S-2,S-6,,,(제조) 대외,,
EMP-100002,2008,2,2,4,제조  RMS System 구축 및 Upgrade ,(중소형) 20억 이상~50억 미만,RMS 개발 PL,S-3,S-7,,,(제조) 대외,,
EMP-100002,2009,3,2,4,제조  RMS System 구축 및 Upgrade ,(중소형) 20억 이상~50억 미만,RMS 개발 PL,S-3,S-7,,,(제조) 대외,,
EMP-100002,2010,4,2,4,제조  RMS System 구축 및 Upgrade ,(중소형) 20억 이상~50억 미만,RMS 개발 PL,S-3,S-7,,,(제조) 대외,,
EMP-100002,2011,5,5,5,제조 Battery R2R System 구축,(소형) 20억 미만,R2R 개발,S-4,S-8,,,(제조) 대외,,
EMP-100002,2012,6,6,10,반도체 RMS 2.0 System 구축,(중소형) 20억 이상~50억 미만,RMS 개발 PM,S-5,S-9,,,(제조) 대외,,
EMP-100002,2013,7,6,10,반도체 RMS 2.0 System 구축,(중소형) 20억 이상~50억 미만,RMS 개발 PM,S-5,S-9,,,(제조) 대외,,
EMP-100002,2014,8,6,10,반도체 RMS 2.0 System 구축,(중소형) 20억 이상~50억 미만,RMS 개발 PM,S-5,S-9,,,(제조) 대외,,
EMP-100002,2015,9,6,10,반도체 RMS 2.0 System 구축,(중소형) 20억 이상~50억 미만,RMS 개발 PM,S-5,S-9,,,(제조) 대외,,
EMP-100002,2016,10,6,10,반도체 RMS 2.0 System 구축,(중소형) 20억 이상~50억 미만,RMS 개발 PM,S-5,S-9,,,(제조) 대외,,
EMP-100002,2017,11,11,12,반도체 Optimus Edge 제품 개발,(소형) 20억 미만,개발 PM,S-6,S-10,,,(제조) 대외,,
EMP-100002,2018,12,11,12,Optimus Edge 제품 개발,(소형) 20억 미만,개발 PM,S-6,S-10,,,(제조) 대외,,
EMP-100002,2019,13,13,14,반도체 Wire Bonder Optimus Edge 적용 ,(소형) 20억 미만,PM,S-7,S-11,,,(제조) 대외,,
EMP-100002,2020,14,13,14,반도체 Wire Bonder Optimus Edge 적용 ,(소형) 20억 미만,PM,S-7,S-11,,,(제조) 대외,,
EMP-100002,2021,15,15,16,배터리 고장예측 Project,(소형) 20억 미만,PL,S-8,S-12,,,(제조) 대외,,
EMP-100002,2022,16,15,16,배터리 고장예측 Project,(소형) 20억 미만,PL,S-8,S-12,,,(제조) 대외,,
EMP-100002,2023,17,17,18,배터리 Wire 단선감지 Solution 적용 Project,(소형) 20억 미만,PL,S-9,S-13,,,(제조) 대외,,
EMP-100002,2024,18,17,18,배터리 Wire 단선감지 Solution 적용 Project,(소형) 20억 미만,PL,S-9,S-13,,,(제조) 대외,,
EMP-100002,2025,19,19,19,2차전지  Smart Machine Stack 적용 Project,(소형) 20억 미만,PM,S-10,S-14,,,(제조) 대외,,
EMP-100003,2015,1,1,6,제조 시스템 운영,,"시스템 어드민, DB 어드민",S-12,S-13,,,,TRUE,기업 인프라운영 및 관리요소(서버/네트워크/DBMS/백업/관제시스템 등)에 대한 실전적 이해 및 Skill 함양
EMP-100003,2016,2,1,6,제조 시스템 운영,,"시스템 어드민, DB 어드민",S-12,S-13,,,,TRUE,기업 인프라운영 및 관리요소(서버/네트워크/DBMS/백업/관제시스템 등)에 대한 실전적 이해 및 Skill 함양
EMP-100003,2017,3,1,6,제조 시스템 운영,,"시스템 어드민, DB 어드민",S-12,S-13,,,,TRUE,기업 인프라운영 및 관리요소(서버/네트워크/DBMS/백업/관제시스템 등)에 대한 실전적 이해 및 Skill 함양
EMP-100003,2018,4,1,6,제조 시스템 운영,,"시스템 어드민, DB 어드민",S-12,S-13,,,,TRUE,기업 인프라운영 및 관리요소(서버/네트워크/DBMS/백업/관제시스템 등)에 대한 실전적 이해 및 Skill 함양
EMP-100003,2019,5,1,6,제조 시스템 운영,,"시스템 어드민, DB 어드민",S-12,S-13,,,,TRUE,기업 인프라운영 및 관리요소(서버/네트워크/DBMS/백업/관제시스템 등)에 대한 실전적 이해 및 Skill 함양
EMP-100003,2020,6,1,6,제조 시스템 운영,,"시스템 어드민, DB 어드민",S-12,S-13,,,,TRUE,기업 인프라운영 및 관리요소(서버/네트워크/DBMS/백업/관제시스템 등)에 대한 실전적 이해 및 Skill 함양
EMP-100003,2021,7,7,7,제조  ITSM  구축,(중소형) 20억 이상~50억 미만,PM,P-4,S-18,,,,TRUE,IT인프라관리 Defacto 표준인 ITIL Best Practice 의 기업에 대한 적용 및 활요에 대한 이해
EMP-100003,2022,8,8,8,제2금융 ITSM  구축,(중소형) 20억 이상~50억 미만,PM,P-4,S-18,,,,TRUE,IT인프라관리 Defacto 표준인 ITIL Best Practice 의 기업에 대한 적용 및 활요에 대한 이해
EMP-100003,2023,9,9,9,서비스 ITSM 구축,(중소형) 20억 이상~50억 미만,PM,P-4,S-18,,,,TRUE,IT인프라관리 Defacto 표준인 ITIL Best Practice 의 기업에 대한 적용 및 활요에 대한 이해
EMP-100003,2024,10,10,10,정부 제3차 통합자원시스템 구축,(중소형) 20억 이상~50억 미만,TA,S-18,S-12,S-13,,,FALSE,
EMP-100003,2025,11,11,11,제1금융 ITSM 구축,(중소형) 20억 이상~50억 미만,PL,P-4,,,,,FALSE,
EMP-100004,2008,1,1,1,"그룹 VAN 시스템 구축, 운영",(중소형) 20억 이상~50억 미만,"설계, 구축, 운영",S-12,P-3,,,통신,TRUE,"VAN 사업 내제화 기술 확보
- 따로또같이 장려상('07/회장포상)
"
EMP-100004,2009,2,2,2,그룹 Backbone Network 고도화,(소형) 20억 미만,"설계, 구축, 운영",S-12,P-3,,,통신,TRUE,Legacy 기반 Network 기술에서 기간통신사업자 Level Network 기술을 습득하는 계기가 되었음
EMP-100004,2010,3,3,3,IP version 6 테스트망 구축,(소형) 20억 미만,"설계, 구축, 운영",S-12,P-3,,,통신,FALSE,
EMP-100004,2011,4,4,4,제2금융  대덕 Data Center 이전,(중소형) 20억 이상~50억 미만,"설계, 구축, 운영",S-12,,,,통신,FALSE,
EMP-100004,2012,5,5,7,그룹  Backbone Network 고도화,(중소형) 20억 이상~50억 미만,"설계, 구축, 운영",S-12,P-3,,,통신,TRUE,Global 기간 통신 사업자 Backbone Netowkr 구성을 파악하는 기회가 되었음
EMP-100004,2013,6,5,7,그룹  Backbone Network 고도화,(중소형) 20억 이상~50억 미만,"설계, 구축, 운영",S-12,P-3,,,통신,TRUE,Global 기간 통신 사업자 Backbone Netowkr 구성을 파악하는 기회가 되었음
EMP-100004,2014,7,5,7,그룹  Backbone Network 고도화,(중소형) 20억 이상~50억 미만,"설계, 구축, 운영",S-12,P-3,,,통신,TRUE,Global 기간 통신 사업자 Backbone Netowkr 구성을 파악하는 기회가 되었음
EMP-100004,2015,8,8,8,Nework 망 구조 개선을 통한 회선 비용 효율화(OI),(소형) 20억 미만,"설계, 구축, 운영",S-12,P-3,,,통신,TRUE,
EMP-100004,2016,9,9,9,글로벌 NIN(GovNet) 프로젝트 수행,(대형) 100억 이상 ~ 500억 미만,"설계, 구축, 운영",S-12,P-3,,,통신,TRUE,"SK-Net 구축, 운영 기술을 기반으로 방글라데시 국가망 설계 및 구축을 하는 프로젝트를 성공적으로 수행함"
EMP-100004,2017,10,10,10,통신 4G LTE 망 활용 LTE VPN 서비스 개발 ,(중소형) 20억 이상~50억 미만,"설계, 구축, 운영",S-12,,,,통신,FALSE,유무선 통합 Nework 을 구축함으로써 장애 상황에서 서비스 단절이 없는 SKT 영업전산망을 구축함
EMP-100004,2018,11,11,11,DDoS 공격 방어시스템 구축 ,(소형) 20억 미만,"설계, 구축, 운영",S-12,P-3,,,통신,TRUE,
EMP-100004,2019,12,12,12,클라우드 허브 시스템 구축,(소형) 20억 미만,"설계, 구축, 운영",S-12,P-3,,,통신,TRUE,
EMP-100004,2020,13,13,13,SDN(Software Defined Network) 적용 망 최적화,(소형) 20억 미만,"설계, 구축, 운영",S-12,P-3,,,통신,TRUE,
EMP-100004,2021,14,14,14,Cloud 활용 Global Connectivity 서비스 구축,(소형) 20억 미만,"설계, 구축, 운영",S-12,P-3,,,통신,TRUE,클라우드 망을 전용회선 대체제로 전환 하여 고객 통신 비용을 절감함
EMP-100004,2022,15,15,15,멀티 클라우드 기반 Global Connectivity 서비스 확장,(소형) 20억 미만,"설계, 구축, 운영",S-12,P-3,,,통신,TRUE,멀티 클라우드 망 활용 기간통신 사업자 국제 Network 회선을 대체 함
EMP-100004,2023,16,16,16,인터넷 Backbone 망 개선,(소형) 20억 미만,"설계, 구축, 운영",S-12,P-3,,,통신,FALSE,ISP 망 분리(Transit/ Peering)를 통한 인터넷 통신비용 절감
EMP-100004,2024,17,17,17,Data Center 기반 Newtork 사업 모델 걔발,(중형) 50억 이상 ~ 100억 미만,"설계, 구축, 운영",S-12,P-3,,,,TRUE,
EMP-100004,2025,18,18,18,NOC 이전,(중소형) 20억 이상~50억 미만,"설계, 구축, 운영",S-12,P-3,,,,TRUE,
EMP-100005,2013,1,1,4,제조(의류/유통) ERP 구축 프로젝트,(중형) 50억 이상 ~ 100억 미만,PP모듈 컨설턴트,S-8,,,,(제조) 대외,TRUE,"본사/3개 회의 법인 구축 경험
MES 연계시스템 구축
대량 데이터 처리 및 안정화 지원"
EMP-100005,2014,2,1,4,제조(의류/유통) ERP 구축 프로젝트,(중형) 50억 이상 ~ 100억 미만,PP모듈 컨설턴트,S-8,,,,(제조) 대외,TRUE,"본사/3개 회의 법인 구축 경험
MES 연계시스템 구축
대량 데이터 처리 및 안정화 지원"
EMP-100005,2015,3,1,4,제조(의류/유통) ERP 구축 프로젝트,(중형) 50억 이상 ~ 100억 미만,PP모듈 컨설턴트,S-8,,,,(제조) 대외,TRUE,"본사/3개 회의 법인 구축 경험
MES 연계시스템 구축
대량 데이터 처리 및 안정화 지원"
EMP-100005,2016,4,1,4,제조(의류/유통) ERP 구축 프로젝트,(중형) 50억 이상 ~ 100억 미만,PP모듈 컨설턴트,S-8,,,,(제조) 대외,TRUE,"본사/3개 회의 법인 구축 경험
MES 연계시스템 구축
대량 데이터 처리 및 안정화 지원"
EMP-100005,2017,5,5,8,배터리 차세대 ERP구축 프로젝트,(초대형) 500억,PP모듈 컨설턴트,S-8,,,,(제조) 대내 Hi-Tech,TRUE,"멤버사 최초 프로젝트
배터리 산업 특화 프로세스 경험
프로젝트 규모 1000억 대형 프로젝트
PP모듈 리더"
EMP-100005,2018,6,5,8,배터리 차세대 ERP구축 프로젝트,(초대형) 500억,PP모듈 컨설턴트,S-8,,,,(제조) 대내 Hi-Tech,TRUE,"멤버사 최초 프로젝트
배터리 산업 특화 프로세스 경험
프로젝트 규모 1000억 대형 프로젝트
PP모듈 리더"
EMP-100005,2019,7,5,8,배터리 차세대 ERP구축 프로젝트,(초대형) 500억,PP모듈 컨설턴트,S-8,,,,(제조) 대내 Hi-Tech,TRUE,"멤버사 최초 프로젝트
배터리 산업 특화 프로세스 경험
프로젝트 규모 1000억 대형 프로젝트
PP모듈 리더"
EMP-100005,2020,8,5,8,배터리 차세대 ERP구축 프로젝트,(초대형) 500억,PP모듈 컨설턴트,S-8,,,,(제조) 대내 Hi-Tech,TRUE,"멤버사 최초 프로젝트
배터리 산업 특화 프로세스 경험
프로젝트 규모 1000억 대형 프로젝트
PP모듈 리더"
EMP-100005,2021,9,9,10,에너지/화학 MES 구축,(중소형) 20억 이상~50억 미만,PP모듈 컨설턴트,S-8,,,,(제조) 대내 Process,TRUE,화학 특화 프로세스 경험
EMP-100005,2022,10,9,10,에너지/화학 MES 구축,(중소형) 20억 이상~50억 미만,PP모듈 컨설턴트,S-8,,,,(제조) 대내 Process,TRUE,화학 특화 프로세스 경험
EMP-100005,2023,11,11,12,반도체 전사 MRP 체계구축 프로젝트,(중소형) 20억 이상~50억 미만,PP모듈 컨설턴트,S-8,,,,(제조) 대내 Hi-Tech,TRUE,반도체 산업 특화 프로세스 경험
EMP-100005,2024,12,11,12,반도체 전사 MRP 체계구축 프로젝트,(중소형) 20억 이상~50억 미만,PP모듈 컨설턴트,S-8,,,,(제조) 대내 Hi-Tech,TRUE,반도체 산업 특화 프로세스 경험
EMP-100005,2025,13,13,13,반도체 PP모듈 운영,(대형) 100억 이상 ~ 500억 미만,PP모듈 운영자,S-8,,,,(제조) 대내 Hi-Tech,TRUE,운영 프로세스 경험 및 운영 관련 스킬 획득
EMP-100006,2023,1,1,3,에너지 AM운영,(중소형) 20억 이상~50억 미만,운영자,S-8,,,,(제조) 대내 프로세스,,
EMP-100006,2024,2,1,3,에너지 AM운영,(중소형) 20억 이상~50억 미만,운영자,S-8,,,,(제조) 대내 프로세스,,
EMP-100006,2025,3,1,3,에너지 AM운영,(중소형) 20억 이상~50억 미만,운영자,S-8,,,,(제조) 대내 프로세스,,
EMP-100007,2020,1,1,6,유통/서비스사  시스템 구축,(중소형) 20억 이상~50억 미만,"설계, 구축, 운영",S-2,,,,유통/물류/서비스,,
EMP-100007,2021,2,1,6,유통/서비스사  시스템 구축,(중소형) 20억 이상~50억 미만,"설계, 구축, 운영",S-2,,,,유통/물류/서비스,,
EMP-100007,2022,3,1,6,유통/서비스사  시스템 구축,(중소형) 20억 이상~50억 미만,"설계, 구축, 운영",S-2,,,,유통/물류/서비스,,
EMP-100007,2023,4,1,6,유통/서비스사  시스템 구축,(중소형) 20억 이상~50억 미만,"설계, 구축, 운영",S-2,,,,유통/물류/서비스,,
EMP-100007,2024,5,1,6,유통/서비스사  시스템 구축,(중소형) 20억 이상~50억 미만,"설계, 구축, 운영",S-2,,,,유통/물류/서비스,,
EMP-100007,2025,6,1,6,유통/서비스사  시스템 구축,(중소형) 20억 이상~50억 미만,"설계, 구축, 운영",S-2,,,,유통/물류/서비스,,
EMP-100008,2020,1,1,3,반도체 G-SCM RP 운영,(중소형) 20억 이상~50억 미만,"설계, 구축, 운영",S-1,,,,(제조) 대내 Hi-Tech,,
EMP-100008,2021,2,1,3,반도체 G-SCM RP 운영,(중소형) 20억 이상~50억 미만,"설계, 구축, 운영",S-1,,,,(제조) 대내 Hi-Tech,,
EMP-100008,2022,3,1,3,반도체 G-SCM RP 운영,(중소형) 20억 이상~50억 미만,"설계, 구축, 운영",S-1,,,,(제조) 대내 Hi-Tech,,
EMP-100008,2023,4,4,6,반도체 전사 기준정보 기반 구축 프로젝트,(중소형) 20억 이상~50억 미만,"설계, 구축, 운영",S-1,S-2,,,(제조) 대내 Hi-Tech,,
EMP-100008,2024,5,4,6,반도체 전사 기준정보 기반 구축 프로젝트,(중소형) 20억 이상~50억 미만,"설계, 구축, 운영",S-1,S-2,,,(제조) 대내 Hi-Tech,,
EMP-100008,2025,6,4,6,반도체 전사 기준정보 기반 구축 프로젝트,(중소형) 20억 이상~50억 미만,"설계, 구축, 운영",S-1,S-2,,,(제조) 대내 Hi-Tech,,
EMP-100009,2020,1,1,6,동기식 전송망 관리시스템 등 개발,(중소형) 20억 이상~50억 미만,단위 시스템 개발자,S-2,,,,통신,,
EMP-100009,2021,2,1,6,동기식 전송망 관리시스템 등 개발,(중소형) 20억 이상~50억 미만,단위 시스템 개발자,S-2,,,,통신,,
EMP-100009,2022,3,1,6,동기식 전송망 관리시스템 등 개발,(중소형) 20억 이상~50억 미만,단위 시스템 개발자,S-2,,,,통신,,
EMP-100009,2023,4,1,6,동기식 전송망 관리시스템 등 개발,(중소형) 20억 이상~50억 미만,단위 시스템 개발자,S-2,,,,통신,,
EMP-100009,2024,5,1,6,동기식 전송망 관리시스템 등 개발,(중소형) 20억 이상~50억 미만,단위 시스템 개발자,S-2,,,,통신,,
EMP-100009,2025,6,1,6,동기식 전송망 관리시스템 등 개발,(중소형) 20억 이상~50억 미만,단위 시스템 개발자,S-2,,,,통신,,
EMP-100010,2024,1,1,2,UGPS 통합정보화 구축 - O&M 시스템 구축,(중형) 50억 이상 ~ 100억 미만,"설계, 구축, 운영",S-1,S-2,,,(제조) 대내 프로세스,,
EMP-100010,2025,2,1,2,UGPS 통합정보화 구축 - O&M 시스템 구축,(중형) 50억 이상 ~ 100억 미만,"설계, 구축, 운영",S-1,S-2,,,(제조) 대내 프로세스,,
EMP-100011,2022,1,1,2,유통/서비스  차세대 ERP시스템 신규 구축 및 대리점 I/F 프로젝트,(중형) 50억 이상 ~ 100억 미만,"구축, 테스트",S-1,S-2,,,유통/물류/서비스,,
EMP-100011,2023,2,1,2,유통/서비스  차세대 ERP시스템 신규 구축 및 대리점 I/F 프로젝트,(중형) 50억 이상 ~ 100억 미만,"구축, 테스트",S-1,S-2,,,유통/물류/서비스,,
EMP-100011,2024,3,3,4,제조  WM 및 Transportation 고도화 프로젝트,(중소형) 20억 이상~50억 미만,"구축, 테스트",S-2,,,,(제조) 대외,,
EMP-100011,2025,4,3,4,제조  WM 및 Transportation 고도화 프로젝트,(중소형) 20억 이상~50억 미만,"구축, 테스트",S-2,,,,(제조) 대외,,
EMP-100012,2025,1,1,1,화학 ERP구축 프로젝트,(중소형) 20억 이상~50억 미만,"사업관리, 구축",S-11,S-30,,,(제조) 대내 프로세스,,
EMP-100012,2020,2,2,3,Trading 지원시스템 구축,(중소형) 20억 이상~50억 미만,"사업관리, 구축",S-11,S-30,,,(제조) 대내 프로세스,,
EMP-100012,2021,3,2,3,Trading 지원시스템 구축,(중소형) 20억 이상~50억 미만,"사업관리, 구축",S-11,S-30,,,(제조) 대내 프로세스,,
EMP-100012,2022,4,4,4,ERP 시스템 Performance Tunning,(중소형) 20억 이상~50억 미만,"사업관리, 구축",S-11,S-30,,,(제조) 대내 프로세스,,
EMP-100012,2023,5,5,5,Open2U 고도화(구축),(중소형) 20억 이상~50억 미만,"사업관리, 구축",S-11,S-30,,,통신,,
EMP-100012,2024,6,6,7,유통/물류 통합구매 고도화,(중형) 50억 이상 ~ 100억 미만,"사업관리, 구축",S-11,S-30,,,유통/물류/서비스,,
EMP-100012,2025,7,6,7,유통/물류 통합구매 고도화,(중형) 50억 이상 ~ 100억 미만,"사업관리, 구축",S-11,S-30,,,유통/물류/서비스,,
EMP-100013,2005,1,1,3,통신 Billing - 미납 프로젝트 구축/운영,(중소형) 20억 이상~50억 미만,개발자,S-1,,,,통신,FALSE,
EMP-100013,2006,2,1,3,통신 Billing - 미납 프로젝트 구축/운영,(중소형) 20억 이상~50억 미만,개발자,S-1,,,,통신,FALSE,
EMP-100013,2007,3,1,3,통신 Billing - 미납 프로젝트 구축/운영,(중소형) 20억 이상~50억 미만,개발자,S-1,,,,통신,FALSE,
EMP-100013,2008,4,4,6,글로벌 MVNO(Helio) 영업전사 시스템 구축,(중소형) 20억 이상~50억 미만,PL,P-2,S-16,,,통신,TRUE,해외 프로젝트의 Billing 모듈 PL로서 프로젝트 관리 경험
EMP-100013,2009,5,4,6,글로벌 MVNO(Helio) 영업전사 시스템 구축,(중소형) 20억 이상~50억 미만,PL,P-2,S-16,,,통신,TRUE,해외 프로젝트의 Billing 모듈 PL로서 프로젝트 관리 경험
EMP-100013,2010,6,4,6,글로벌 MVNO(Helio) 영업전사 시스템 구축,(중소형) 20억 이상~50억 미만,PL,P-2,S-16,,,통신,TRUE,해외 프로젝트의 Billing 모듈 PL로서 프로젝트 관리 경험
EMP-100013,2011,7,7,8,통신 QA 시스템 구축/운영,(중소형) 20억 이상~50억 미만,PL,P-2,S-23,S-24,,통신,FALSE,
EMP-100013,2012,8,7,8,통신 QA 시스템 구축/운영,(중소형) 20억 이상~50억 미만,PL,P-2,S-23,S-24,,통신,FALSE,
EMP-100013,2013,9,9,10,통신 Utility Billing Enabler 구축,(소형) 20억 미만,PM,P-2,S-16,,,통신,FALSE,
EMP-100013,2014,10,9,10,통신 Utility Billing Enabler 구축,(소형) 20억 미만,PM,P-2,S-16,,,통신,FALSE,
EMP-100013,2015,11,11,11,통신본부 기획 업무,(소형) 20억 미만,기획,S-30,,,,통신,TRUE,본부 기획 업무를 통해 사업 전반적인 이해와 Insight를 확보할 수 있는 경험
EMP-100013,2016,12,12,15,통신 U.Key 3.0(Swing) 구축,(초대형) 500억,PL,P-2,S-16,,,통신,TRUE,대형 차세대 프로젝트의 UI모듈 PL로서 대형 프로젝트 관리 경험
EMP-100013,2017,13,12,15,통신 U.Key 3.0(Swing) 구축,(초대형) 500억,PL,P-2,S-16,,,통신,TRUE,대형 차세대 프로젝트의 UI모듈 PL로서 대형 프로젝트 관리 경험
EMP-100013,2018,14,12,15,통신 U.Key 3.0(Swing) 구축,(초대형) 500억,PL,P-2,S-16,,,통신,TRUE,대형 차세대 프로젝트의 UI모듈 PL로서 대형 프로젝트 관리 경험
EMP-100013,2019,15,12,15,통신 U.Key 3.0(Swing) 구축,(초대형) 500억,PL,P-2,S-16,,,통신,TRUE,대형 차세대 프로젝트의 UI모듈 PL로서 대형 프로젝트 관리 경험
EMP-100013,2020,16,16,18,제2금융 Vitality 시스템 구축 및 운영,(대형) 100억 이상 ~ 500억 미만,"팀장, AA",P-2,S-16,,,제2금융,TRUE,금융(보험)사와 Biz. 파트너로 B2C 사업을 수행하였으며 Global 솔루션을 활용하여 Arch. 구성하여 오픈하였으며 이후 팀리더로서 역할 수행
EMP-100013,2021,17,16,18,제2금융 Vitality 시스템 구축 및 운영,(대형) 100억 이상 ~ 500억 미만,"팀장, AA",P-2,S-16,,,제2금융,TRUE,금융(보험)사와 Biz. 파트너로 B2C 사업을 수행하였으며 Global 솔루션을 활용하여 Arch. 구성하여 오픈하였으며 이후 팀리더로서 역할 수행
EMP-100013,2022,18,16,18,제2금융 Vitality 시스템 구축 및 운영,(대형) 100억 이상 ~ 500억 미만,"팀장, AA",P-2,S-16,,,제2금융,TRUE,금융(보험)사와 Biz. 파트너로 B2C 사업을 수행하였으며 Global 솔루션을 활용하여 Arch. 구성하여 오픈하였으며 이후 팀리더로서 역할 수행
EMP-100013,2023,19,19,21,제조 AI 사업 컨설팅 / 사업발굴 / 프로젝트,(중형) 50억 이상 ~ 100억 미만,컨설팅,S-35,S-27,,,(제조) 대내 Process,TRUE,AI 업무로 업무 영역을 확장하고 컨설팅 및 사업발굴 역할 수행
EMP-100013,2024,20,19,21,제조 AI 사업 컨설팅 / 사업발굴 / 프로젝트,(중형) 50억 이상 ~ 100억 미만,컨설팅,S-35,S-27,,,(제조) 대내 Process,TRUE,AI 업무로 업무 영역을 확장하고 컨설팅 및 사업발굴 역할 수행
EMP-100013,2025,21,19,21,제조 AI 사업 컨설팅 / 사업발굴 / 프로젝트,(중형) 50억 이상 ~ 100억 미만,컨설팅,S-35,S-27,,,(제조) 대내 Process,TRUE,AI 업무로 업무 영역을 확장하고 컨설팅 및 사업발굴 역할 수행
EMP-100014,2021,1,1,5,"반도체 설비관리 및 설비제어, SHE 통합시스템 구축",(중소형) 20억 이상~50억 미만,PM/PL,S-5,,,,(제조) 대내 Hi-Tech,,
EMP-100014,2022,2,1,5,"반도체 설비관리 및 설비제어, SHE 통합시스템 구축",(중소형) 20억 이상~50억 미만,PM/PL,S-5,,,,(제조) 대내 Hi-Tech,,
EMP-100014,2023,3,1,5,"반도체 설비관리 및 설비제어, SHE 통합시스템 구축",(중소형) 20억 이상~50억 미만,PM/PL,S-5,,,,(제조) 대내 Hi-Tech,,
EMP-100014,2024,4,1,5,"반도체 설비관리 및 설비제어, SHE 통합시스템 구축",(중소형) 20억 이상~50억 미만,PM/PL,S-5,,,,(제조) 대내 Hi-Tech,,
EMP-100014,2025,5,1,5,"반도체 설비관리 및 설비제어, SHE 통합시스템 구축",(중소형) 20억 이상~50억 미만,PM/PL,S-5,,,,(제조) 대내 Hi-Tech,,