학부,표준과정,사업별 교육체계,교육유형,학습유형,교육과정명,공개여부,학습시간,특화 직무 및 Skill set,추천 직무 및 Skill set,공통 필수 직무 및 Skill set
AIX,AI/Data Analytics,,mySUNI,VOD,[Guided Project] Btv 시청데이터를 활용한 추천 모델 개발,공개,32,AIX - AI/Data Dev.,AIX - G.AI Dev.; Manufacturing - 지능화,
AIX,AI/Data Analytics,,mySUNI,VOD,[Guided Project] 공정 이미지 불량 탐지 모델 개발 with Tensorflow,공개,32,AIX - AI/Data Dev.,AIX - G.AI Dev.; Manufacturing - 지능화,
AIX,AI/Data Analytics,,mySUNI,VOD,[Guided Project] SSL 기반 CCTV 이미지의 객체 탐지,공개,32,AIX - AI/Data Dev.,AIX - G.AI Dev.; Manufacturing - 지능화,
AIX,AI/Data Analytics,,mySUNI,VOD,[Guided Project] 기지국 장비 성능 통계의 EDA 및 불량 탐색,공개,32,AIX - AI/Data Dev.,AIX - G.AI Dev.; Manufacturing - 지능화,
AIX,AI/Data Analytics,,mySUNI,VOD,[Guided Project] 통신 Core 장비에 대한 이상 징후 감지 with Tensorflow,공개,32,AIX - AI/Data Dev.,AIX - G.AI Dev.; Manufacturing - 지능화,
AIX,Prompt Engineering,,사내과정,VOD,Generative AI 활용을 위한 Prompt Engineering,공개,1.5,AIX - G.AI Model Dev.,AIX - AI/Data Dev.; Architect - Application Archi.; Cloud/Infra - System/Network; Sales - Sales; Biz. Consulting - ESG/SHE; Domain Expert - Domain Expert; Software - Front-end; Manufacturing - Factory 기획/설계; PM - Application PM; Solution - ERP Dev.; Quality Mgmt - PMO,
AIX,AI/Data 이해,,사내과정,VOD,New Tech. Fundamental,공개,2,,,Biz. Consulting - ESG/SHE; Biz. Supporting - Biz. Supporting; AIX - AI/Data Dev.; Architect - Application Archi.; Cloud/Infra - System/Network; Sales - Sales; Domain Expert - Domain Expert; Software - Front-end; Manufacturing - Factory 기획/설계; PM - Application PM; 미부여 - 미부여; Solution - ERP Dev.; Quality Mgmt - PMO
AIX,AI/Data 이해,,mySUNI,VOD,Digital Literacy,공개,10,,,Biz. Consulting - ESG/SHE; Biz. Supporting - Biz. Supporting; AIX - AI/Data Dev.; Architect - Application Archi.; Cloud/Infra - System/Network; Sales - Sales; Domain Expert - Domain Expert; Software - Front-end; Manufacturing - Factory 기획/설계; PM - Application PM; 미부여 - 미부여; Solution - ERP Dev.; Quality Mgmt - PMO
AIX,AI/Data 이해,,mySUNI,VOD,CDS Ⅰ_데이터 처리와 시각화,공개,30,,,Biz. Consulting - ESG/SHE; Biz. Supporting - Biz. Supporting; AIX - AI/Data Dev.; Architect - Application Archi.; Cloud/Infra - System/Network; Sales - Sales; Domain Expert - Domain Expert; Software - Front-end; Manufacturing - Factory 기획/설계; PM - Application PM; 미부여 - 미부여; Solution - ERP Dev.; Quality Mgmt - PMO
AIX,AI/Data 이해,,mySUNI,VOD,CDS Ⅱ_머신러닝 모델링,공개,20,,,Biz. Consulting - ESG/SHE; Biz. Supporting - Biz. Supporting; AIX - AI/Data Dev.; Architect - Application Archi.; Cloud/Infra - System/Network; Sales - Sales; Domain Expert - Domain Expert; Software - Front-end; Manufacturing - Factory 기획/설계; PM - Application PM; 미부여 - 미부여; Solution - ERP Dev.; Quality Mgmt - PMO
AIX,머신러닝/딥러닝 기초,,사내과정,오프라인집합,머신러닝 실무 기초,공개,7,AIX - AI/Data Dev.,AIX - G.AI Dev.; Manufacturing - 지능화,
AIX,머신러닝/딥러닝 기초,,mySUNI,VOD,딥러닝 입문,공개,17.8,AIX - AI/Data Dev.,AIX - G.AI Dev.; Manufacturing - 지능화,
AIX,머신러닝/딥러닝 기초,,사내과정,오프라인집합,딥러닝 실무 기초,공개,7,AIX - AI/Data Dev.,AIX - G.AI Dev.; Manufacturing - 지능화,
AIX,머신러닝/딥러닝 기초,,사내과정,오프라인집합,딥러닝 데이터 분석,공개,24,AIX - AI/Data Dev.,AIX - G.AI Dev.; Manufacturing - 지능화,
AIX,AI/Data Analytics,,mySUNI,인증,[SKADA] Practitioner,공개,5,AIX - AI/Data Dev.,AIX - G.AI Dev.; Manufacturing - 지능화,
AIX,AI/Data Analytics,,mySUNI,VOD,[Guided Project] 석유 정제 공정 운전 데이터를 활용한 물성 예측 모델 개발,공개,32,AIX - AI/Data Dev.,AIX - G.AI Dev.; Manufacturing - 지능화,
AIX,AI/Data Analytics,,mySUNI,VOD,[Guided Project] Wavve OTT 고객 이탈 예측 모델 개발,공개,32,AIX - AI/Data Dev.,AIX - G.AI Dev.; Manufacturing - 지능화,
AIX,AI/Data Analytics,,mySUNI,VOD,[Guided Project] CCTV 이미지 분류 모델 개발,공개,32,AIX - AI/Data Dev.,AIX - G.AI Dev.; Manufacturing - 지능화,
AIX,AI/Data Analytics,,mySUNI,VOD,[Guided Project] 공정 이미지 불량 탐지 모델 개발 with PyTorch,공개,32,AIX - AI/Data Dev.,AIX - G.AI Dev.; Manufacturing - 지능화,
AIX,AI/Data Analytics,,mySUNI,VOD,[Guided Project] 통화품질 VOC의 불만 유형 분류,공개,32,AIX - AI/Data Dev.,AIX - G.AI Dev.; Manufacturing - 지능화,
AIX,AI/Data Analytics,,mySUNI,VOD,[Guided Project] 통신 Core 장비에 대한 이상 징후 감지 with PyTorch,공개,32,AIX - AI/Data Dev.,AIX - G.AI Dev.; Manufacturing - 지능화,
AIX,AI/Data Analytics,,mySUNI,VOD,[Guided Project] DRAM 내부 회로의 파형 예측 with PyTorch,공개,32,AIX - AI/Data Dev.,AIX - G.AI Dev.; Manufacturing - 지능화,
AIX,데이터 모델링 과정 (정형/비정형),,mySUNI,VOD,이미지 처리 입문,공개,6.7,AIX - AI/Data Dev.,AIX - G.AI Model Dev.; Manufacturing - 지능화,
AIX,데이터 모델링 과정 (정형/비정형),,mySUNI,VOD,자연어 처리 입문,공개,8,AIX - AI/Data Dev.,AIX - G.AI Model Dev.; Manufacturing - 지능화,
AIX,데이터 모델링 과정 (정형/비정형),,mySUNI,VOD,시계열 처리 입문,공개,2.8,AIX - AI/Data Dev.,AIX - G.AI Model Dev.; Manufacturing - 지능화,
AIX,데이터 모델링 과정 (정형/비정형),,사내과정,오프라인집합,Machine Learning 실무_정형 데이터 분석,공개,16,AIX - AI/Data Dev.,AIX - G.AI Model Dev.; Manufacturing - 지능화,
AIX,데이터 모델링 과정 (정형/비정형),,사내과정,오프라인집합,Deep Learning 실무_이미지,공개,16,AIX - AI/Data Dev.,AIX - G.AI Model Dev.; Manufacturing - 지능화,
AIX,데이터 모델링 과정 (정형/비정형),,사내과정,오프라인집합,Deep Learning 실무_자연어,공개,16,AIX - AI/Data Dev.,AIX - G.AI Model Dev.; Manufacturing - 지능화,
AIX,Orchestration,,사내과정,오프라인집합,Generative AI 기반 Orchestration,공개,16,AIX - G.AI Dev.,,
AIX,Prompt Engineering,,사내과정,오프라인집합,Prompt Engineering,공개,16,AIX - G.AI Model Dev.,AIX - AI/Data Dev.; Architect - Application Archi.; Cloud/Infra - System/Network; Sales - Sales; Biz. Consulting - ESG/SHE; Domain Expert - Domain Expert; Software - Front-end; Manufacturing - Factory 기획/설계; PM - Application PM; Solution - ERP Dev.; Quality Mgmt - PMO,
AIX,Adv. AI/Data Analytics,,mySUNI,인증,[SKADA] Advanced Practitioner -이미지-,공개,4,AIX - AI/Data Dev.,Manufacturing - 지능화,
AIX,Adv. AI/Data Analytics,,mySUNI,인증,[SKADA] Advanced Practitioner -자연어-,공개,4,AIX - AI/Data Dev.,Manufacturing - 지능화,
AIX,Adv. AI/Data Analytics,,mySUNI,인증,[SKADA] Advanced Practitioner -시계열-,공개,4,AIX - AI/Data Dev.,Manufacturing - 지능화,
AIX,모델 Pipeline 최적화,,사내과정,오프라인집합,모델최적화 및 Data/Model Drift,공개,7,AIX - AI/Data Dev.,Manufacturing - 지능화,
AIX,Inferencing 서비스 개발,,사내과정,오프라인집합,Inferencing 서비스 개발,공개,8,AIX - AI/Data Dev.,Manufacturing - 지능화,
AIX,Big Data Ecosystem 이해,,mySUNI,VOD,Hadoop 이해와 활용,공개,12,AIX - AI/Data Dev.,Manufacturing - 지능화,
AIX,Big Data 클러스터 관리,,사내과정,오프라인집합,빅데이터 플랫폼의 이해와 활용,공개,16,AIX - AI/Data Dev.,,
AIX,모델 Pipeline 설계 및 개발,,사내과정,오프라인집합,Model Deploy/Serving 설계 및 개발,공개,16,AIX - AI/Data Dev.,Manufacturing - 지능화,
AIX,모델 Pipeline 설계 및 개발,,사내과정,오프라인집합,모델 Pipeline 설계 및 개발,공개,16,AIX - AI/Data Dev.,Manufacturing - 지능화,
AIX,모델 최적화,,사내과정,오프라인집합,모델 최적화 - 모델 경량화 및 추론 가속화,공개,16,AIX - AI/Data Dev.,,
AIX,대용량 데이터 처리,,사내과정,오프라인집합,Data Processing : Spark,공개,16,AIX - AI/Data Dev.,Cloud/Infra - System/Network; Manufacturing - 지능화,
AIX,실시간 기술 이해,,mySUNI,VOD,Scala 이해와 활용,공개,25,AIX - AI/Data Dev.,Cloud/Infra - System/Network; Manufacturing - 지능화,
AIX,대용량 데이터 수집,,사내과정,오프라인집합,Data Ingestion : Sqoop/Flume/Kafka/NiFi,공개,16,AIX - AI/Data Dev.,Cloud/Infra - System/Network; Manufacturing - 지능화,
AIX,대용량 데이터 처리,,사내과정,오프라인집합,Data Analysis : KUDU/Impala/Modern Tools,공개,16,AIX - AI/Data Dev.,Cloud/Infra - System/Network; Manufacturing - 지능화,
AIX,대용량 데이터 처리,,사내과정,오프라인집합,Data Storage Options - NoSQL,공개,8,AIX - AI/Data Dev.,Cloud/Infra - System/Network; Manufacturing - 지능화,
AIX,머신러닝/딥러닝 기초,,mySUNI,VOD,[코드잇] 머신러닝 입문,공개,25,AIX - AI/Data Dev.,AIX - G.AI Dev.; Manufacturing - 지능화,
AIX,AI/Data Analytics,,mySUNI,VOD, [Guided Project] DRAM 내부 회로의 파형 예측 with Tensorflow,공개,32,AIX - AI/Data Dev.,AIX - G.AI Dev.; Manufacturing - 지능화,
AIX,AI/Data Analytics,,mySUNI,VOD,[Guided Project] 통신탑 안전 이상 감지 모델 개발,공개,32,AIX - AI/Data Dev.,AIX - G.AI Dev.; Manufacturing - 지능화,
AIX,AI/Data Analytics,,mySUNI,VOD,[Guided Project] 석유 유정 펌프 이상 감지,공개,32,AIX - AI/Data Dev.,AIX - G.AI Dev.; Manufacturing - 지능화,
AIX,AI/Data Analytics,,mySUNI,VOD, [Guided Project] AI 모델을 활용한 철근 단가 예측,공개,32,AIX - AI/Data Dev.,AIX - G.AI Dev.; Manufacturing - 지능화,
AIX,AI/Data Analytics,,mySUNI,VOD,[Guided Project] 반도체 공정의 Wafer 품질 개선 모델 개발,공개,32,AIX - AI/Data Dev.,AIX - G.AI Dev.; Manufacturing - 지능화,
AIX,생성형 AI 활용 기초,,외부과정,VOD,ChatGPT API를 활용한 서비스 구현,공개,10,AIX - G.AI Dev.,AIX - AI/Data Dev.; Architect - Application Archi.; Cloud/Infra - System/Network; Sales - Sales; Biz. Consulting - ESG/SHE; Domain Expert - Domain Expert; Software - Front-end; Manufacturing - Factory 기획/설계; PM - Application PM; Biz. Supporting - Biz. Supporting; Solution - ERP Dev.; Quality Mgmt - PMO,
AIX,Data Architecting(성능/비용 최적화 등),,사내과정,오프라인집합,CSP 기반 Data Pipeline 설계/구현,공개,16,AIX - AI/Data Dev.,,
AIX,G.AI Model Engineering,,사내과정,오프라인집합,LLM Fine-Tuning,공개,16,AIX - G.AI Model Dev.,,
AIX,G.AI Model Engineering,,사내과정,오프라인집합,LLM Mastery,공개,16,AIX - G.AI Model Dev.,,
AIX,모델 Pipeline 설계 및 개발,,사내과정,오프라인집합,sLLM을 위한 모델 경량화 및 모델서빙,공개,16,AIX - AI/Data Dev.,Manufacturing - 지능화,
AIX,Orchestration,,사내과정,오프라인집합,Vector DB,공개,16,AIX - G.AI Dev.,,
AIX,Prompt Engineering,,사내과정,오프라인집합,코드 및 정형데이터 활용 생성형AI 모델 개발,공개,4,AIX - G.AI Model Dev.,AIX - AI/Data Dev.; Architect - Application Archi.; Cloud/Infra - System/Network; Sales - Sales; Biz. Consulting - ESG/SHE; Domain Expert - Domain Expert; Software - Front-end; Manufacturing - Factory 기획/설계; PM - Application PM; Solution - ERP Dev.; Quality Mgmt - PMO,
AIX,실시간 데이터 처리,,사내과정,오프라인집합,실시간 데이터 처리,공개,8,AIX - AI/Data Dev.,Cloud/Infra - System/Network; Manufacturing - 지능화,
AIX,AI/Data Analytics,,mySUNI,VOD,[Guided Project] SKADA 인증 Practitioner 시험 대비 문제 풀이,공개,32,AIX - AI/Data Dev.,AIX - G.AI Dev.; Manufacturing - 지능화,
AIX,AI/Data Analytics,,mySUNI,VOD,[Guided Project] 소보로 청각장애인을 위한 소리 분류 모델 개발,공개,32,AIX - AI/Data Dev.,AIX - G.AI Dev.; Manufacturing - 지능화,
AIX,AI/Data Analytics,,mySUNI,VOD,[Guided Project] SSD 반도체 신뢰성 사전 예측 모델 개발,공개,32,AIX - AI/Data Dev.,AIX - G.AI Dev.; Manufacturing - 지능화,
AIX,AI/Data Analytics,,mySUNI,VOD, [Guided Project] AI 모델을 활용한 정유 공정 자율 운전 구현,공개,32,AIX - AI/Data Dev.,AIX - G.AI Dev.; Manufacturing - 지능화,
AIX,머신러닝/딥러닝 기초,,mySUNI,VOD,[코드잇] 데이터 사이언스 정복하기,공개,25,AIX - AI/Data Dev.,AIX - G.AI Dev.; Manufacturing - 지능화,
AIX,생성형 AI 활용 기초,,mySUNI,VOD, ChatGPT를 활용한 데이터 분석(feat. 파이썬),공개,15,AIX - G.AI Dev.,AIX - AI/Data Dev.; Architect - Application Archi.; Cloud/Infra - System/Network; Sales - Sales; Biz. Consulting - ESG/SHE; Domain Expert - Domain Expert; Software - Front-end; Manufacturing - Factory 기획/설계; PM - Application PM; Biz. Supporting - Biz. Supporting; Solution - ERP Dev.; Quality Mgmt - PMO,
AIX,Prompt Engineering,,사내과정,VOD,[VOD] 코드 및 정형데이터 활용 생성형AI 모델 개발,공개,3.3,AIX - G.AI Model Dev.,AIX - AI/Data Dev.; Architect - Application Archi.; Cloud/Infra - System/Network; Sales - Sales; Biz. Consulting - ESG/SHE; Domain Expert - Domain Expert; Software - Front-end; Manufacturing - Factory 기획/설계; PM - Application PM; Solution - ERP Dev.; Quality Mgmt - PMO,
AIX,생성형 AI Fundamental,,사내과정,VOD,[VOD] 리더 생성형 AI Mastering (이론),공개,1.6,,,Biz. Consulting - ESG/SHE; Biz. Supporting - Biz. Supporting; AIX - AI/Data Dev.; Architect - Application Archi.; Cloud/Infra - System/Network; Sales - Sales; Domain Expert - Domain Expert; Software - Front-end; Manufacturing - Factory 기획/설계; PM - Application PM; 미부여 - 미부여; Solution - ERP Dev.; Quality Mgmt - PMO
AIX,Big Data 클러스터 관리,,사내과정,VOD,[VOD] 빅데이터 플랫폼의 이해와 활용,공개,6.5,AIX - AI/Data Dev.,,
AIX,Inferencing 서비스 개발,,사내과정,VOD,[VOD] Inferencing 서비스 개발,공개,4.5,AIX - AI/Data Dev.,Manufacturing - 지능화,
AIX,AI/Data Analytics,,mySUNI,VOD, [Guided Project] DMT 공정 에너지 절감을 위한 최저 운전 온도 모델 개발,공개,32,AIX - AI/Data Dev.,AIX - G.AI Dev.; Manufacturing - 지능화,
AIX,AI/Data Analytics,,mySUNI,VOD,[Guided Project] OCR 기반 영수증 텍스트 분류 모델 개발,공개,32,AIX - AI/Data Dev.,AIX - G.AI Dev.; Manufacturing - 지능화,
AIX,AI/Data Analytics,,mySUNI,VOD,[Guided Project] Photo(노광) 공정 지표를 활용한 패키지 테스트 결과 예측 모델 개발,공개,32,AIX - AI/Data Dev.,AIX - G.AI Dev.; Manufacturing - 지능화,
AIX,생성형 AI 활용 기초,,mySUNI,VOD,AI 시대 리더의 필수 역량: AIX for Leader,공개,2.4,AIX - G.AI Dev.,AIX - AI/Data Dev.; Architect - Application Archi.; Cloud/Infra - System/Network; Sales - Sales; Biz. Consulting - ESG/SHE; Domain Expert - Domain Expert; Software - Front-end; Manufacturing - Factory 기획/설계; PM - Application PM; Biz. Supporting - Biz. Supporting; Solution - ERP Dev.; Quality Mgmt - PMO,
AIX,Orchestration,,사내과정,오프라인집합,Advanced RAG Pipeline,공개,16,AIX - G.AI Dev.,,
AIX,G.AI Model Engineering,,사내과정,오프라인집합,생성형 AI Agent,공개,16,AIX - G.AI Model Dev.,,
AIX,G.AI Model Engineering,,사내과정,오프라인집합,생성형 AI 응용(Multimodal),공개,16,AIX - G.AI Model Dev.,,
AIX,생성형 AI Fundamental,,mySUNI,VOD,생성형 AI Literacy (Starter Pack),공개,13.4,,,Biz. Consulting - ESG/SHE; Biz. Supporting - Biz. Supporting; AIX - AI/Data Dev.; Architect - Application Archi.; Cloud/Infra - System/Network; Sales - Sales; Domain Expert - Domain Expert; Software - Front-end; Manufacturing - Factory 기획/설계; PM - Application PM; 미부여 - 미부여; Solution - ERP Dev.; Quality Mgmt - PMO
AIX,머신러닝/딥러닝 기초,,사내과정,오프라인집합,Python 데이터 분석,공개,16,AIX - AI/Data Dev.,AIX - G.AI Dev.; Manufacturing - 지능화,
AIX,AI Trend/Insight,,mySUNI,VOD,제조 Solution Day 2025,공개,4.5,AIX - AI/Data Dev.; Biz. Consulting - AIX,Cloud/Infra - System/Network; Sales - Sales; Biz. Consulting - ESG/SHE; Domain Expert - Domain Expert; PM - Application PM; Quality Mgmt - PMO,
AIX,Orchestration,,사내과정,오프라인집합,LLM기반 Agent 구축 및 평가,공개,16,AIX - G.AI Dev.,,
AIX,AI/Data Analytics,,mySUNI,온라인집합,[Guided Project] 통신 체감 품질 데이터를 활용한 머신러닝 모델링 A to Z,공개,40,AIX - AI/Data Dev.,AIX - G.AI Dev.; Manufacturing - 지능화,
AIX,AI/Data 이해,,사내과정,오프라인집합,반도체 사업向 AI 이해 및 활용,공개,4,,,Biz. Consulting - ESG/SHE; Biz. Supporting - Biz. Supporting; AIX - AI/Data Dev.; Architect - Application Archi.; Cloud/Infra - System/Network; Sales - Sales; Domain Expert - Domain Expert; Software - Front-end; Manufacturing - Factory 기획/설계; PM - Application PM; 미부여 - 미부여; Solution - ERP Dev.; Quality Mgmt - PMO
Biz. Solution,ERP Hands-on,,사내과정,VOD,ERP 기본 – 모듈별 소개,공개,2,PM - Solution PM; Solution - ERP Dev.,Sales - Sales,
Biz. Solution,ERP Hands-on,,사내과정,오프라인집합,ERP Hands on,공개,24,PM - Solution PM; Solution - ERP Dev.,Sales - Sales,
Biz. Solution,SAP Cloud/AI 개발 실무,,사내과정,오프라인집합,Cloud Programming 실무 (SAP BTP),공개,16,,Biz. Consulting - ERP; PM - Solution PM; Solution - ERP Dev.,
Biz. Solution,SAP HANA DB Mgmt,,사내과정,오프라인집합,SAP In-memory DB(HANA DB) Administrator,공개,8,,Biz. Consulting - ERP; PM - Solution PM; Solution - ERP Dev.,
Biz. Solution,Solution Operation,,사내과정,오프라인집합,ERP Change management (SAP System Operation),공개,8,,Biz. Consulting - ERP; Solution - ERP Dev.,
Biz. Solution,ERP Architecture 설계/개선,,사내과정,오프라인집합,"ERP System landscape optimize (신규, 분리, 합병, 복제 등)",공개,8,Biz. Consulting - ERP,PM - Solution PM; Solution - ERP Dev.,
Biz. Solution,SAP Cloud/AI 개발 실무,,사내과정,오프라인집합,SAP In-memory DB(HANA DB) CDS view 생성,공개,16,,Biz. Consulting - ERP; PM - Solution PM; Solution - ERP Dev.,
Biz. Solution,ERP Data 레포팅,,사내과정,오프라인집합,Tableau & SAP BW Data Analytics,공개,4,,Biz. Consulting - ERP; Solution - ERP Dev.,
Biz. Solution,Biz. 프로세스 설계/개선,,사내과정,오프라인집합,Order to cash (Warehouse Management 이해),공개,4,Solution - ERP Dev.,Biz. Consulting - ERP; PM - Solution PM,
Biz. Solution,Biz. 프로세스 설계/개선,,사내과정,오프라인집합,CO-CCA Distribution and Assessment,공개,4,Solution - ERP Dev.,Biz. Consulting - ERP; PM - Solution PM,
Biz. Solution,ERP Data 레포팅,,사내과정,오프라인집합,SAP Data & Data Analytics Literacy,공개,4,,Biz. Consulting - ERP; Solution - ERP Dev.,
Biz. Solution,Biz. 프로세스 설계/개선,,사내과정,오프라인집합,Demand & Supply Chain,공개,4,Solution - ERP Dev.,Biz. Consulting - ERP; PM - Solution PM,
Biz. Solution,ERP Data 레포팅,,사내과정,오프라인집합,ERP Data 분석 시스템 구축 방법론,공개,8,,Biz. Consulting - ERP; Solution - ERP Dev.,
Biz. Solution,ERP 구축 방법론,,사내과정,VOD,ERP 구축 방법론 (VOD),공개,5.3,Biz. Consulting - ERP; PM - Solution PM; Solution - ERP Dev.,,
Biz. Solution,DW 솔루션 기본,,사내과정,오프라인집합,DW 솔루션 소개,공개,8,PM - Solution PM; Solution - Biz. Solution,Sales - Sales,
Biz. Solution,SAP Cloud/AI 개발 실무,,외부과정,VOD,SAP Business AI Portfolio,공개,8,,Biz. Consulting - ERP; PM - Solution PM; Solution - ERP Dev.,
Biz. Solution,SAP Cloud/AI 개발 실무,,사내과정,오프라인집합,CDS를 활용한 ERP Data 분석,공개,8,,Biz. Consulting - ERP; PM - Solution PM; Solution - ERP Dev.,
Biz. Solution,ERP 구축 방법론,,사내과정,오프라인집합,ERP 컨설팅 방법론 및 프로세스 이해/실습,공개,16,Biz. Consulting - ERP; PM - Solution PM; Solution - ERP Dev.,,
Biz. Solution,Biz. 프로세스 설계/개선,,외부과정,VOD,Discovering End-to-End Business Processes for the Intelligent Enterprise,공개,22,Solution - ERP Dev.,Biz. Consulting - ERP; PM - Solution PM,
Biz. Solution,Value proposition,,사내과정,오프라인집합,Project 수행 Lessons learned를 활용한 고객 Value 제고 활동 공유,공개,16,Biz. Consulting - ERP,PM - Solution PM; Solution - ERP Dev.,
Biz. Solution,Advanced Programming 개발/설계,,외부과정,VOD,Acquiring Core ABAP Skills,공개,40,Solution - ERP Dev.,Biz. Consulting - ERP,
Biz. Solution,Industry별 ERP 실무 이해,,사내과정,오프라인집합,Hi-Tech 산업 ERP 재무 특성,공개,8,Biz. Consulting - ERP; Solution - ERP Dev.,PM - Solution PM; Solution - Biz. Solution,
Biz. Solution,Industry별 ERP 실무 이해,,사내과정,오프라인집합,Hi-Tech 산업 ERP 물류 특성,공개,8,Biz. Consulting - ERP; Solution - ERP Dev.,PM - Solution PM; Solution - Biz. Solution,
Biz. Solution,Industry별 ERP 실무 이해,,사내과정,오프라인집합,에너지 산업 ERP 특성,공개,8,Biz. Consulting - ERP; Solution - ERP Dev.,PM - Solution PM; Solution - Biz. Solution,
Biz. Solution,Industry별 ERP 실무 이해,,사내과정,오프라인집합,에너지 산업 ERP/CCS 특성,공개,4,Biz. Consulting - ERP; Solution - ERP Dev.,PM - Solution PM; Solution - Biz. Solution,
Biz. Solution,Industry별 ERP 실무 이해,,사내과정,오프라인집합,통신 산업 ERP 재무 특성,공개,8,Biz. Consulting - ERP; Solution - ERP Dev.,PM - Solution PM; Solution - Biz. Solution,
Biz. Solution,Industry별 ERP 실무 이해,,사내과정,오프라인집합,통신 산업 ERP 물류 특성,공개,8,Biz. Consulting - ERP; Solution - ERP Dev.,PM - Solution PM; Solution - Biz. Solution,
Biz. Solution,Industry별 ERP 실무 이해,,사내과정,오프라인집합,Chemical 산업 ERP 특성,공개,8,Biz. Consulting - ERP; Solution - ERP Dev.,PM - Solution PM; Solution - Biz. Solution,
Biz. Solution,Industry별 ERP 실무 이해,,사내과정,오프라인집합,Battery 산업 ERP 특성,공개,8,Biz. Consulting - ERP; Solution - ERP Dev.,PM - Solution PM; Solution - Biz. Solution,
Biz. Solution,DW 솔루션 실무,,사내과정,오프라인집합,Active Directory 실무 (설계/설치/구성/관리기능/운영/최적화),공개,4,Solution - Biz. Solution,PM - Solution PM,
Biz. Solution,DW 솔루션 실무,,사내과정,오프라인집합,메일 Exchange 실무,공개,4,Solution - Biz. Solution,PM - Solution PM,
Biz. Solution,DW 솔루션 실무,,사내과정,오프라인집합,OnWorkplace 실무,공개,8,Solution - Biz. Solution,PM - Solution PM,
Biz. Solution,DW 솔루션 실무,,사내과정,오프라인집합,M365 실무,공개,8,Solution - Biz. Solution,PM - Solution PM,
Biz. Solution,DW 솔루션 실무,,사내과정,오프라인집합,OKTA 실무,공개,4,Solution - Biz. Solution,PM - Solution PM,
Biz. Solution,DW 솔루션 실무,,사내과정,오프라인집합,모바일앱 실무,공개,8,Solution - Biz. Solution,PM - Solution PM,
Biz. Solution,Industry별 ERP 실무 이해,,사내과정,오프라인집합,제조 산업 ERP 생산 특성 ,공개,8,Biz. Consulting - ERP; Solution - ERP Dev.,PM - Solution PM; Solution - Biz. Solution,
Biz. Solution,ABAP Programming 기초,,사내과정,오프라인집합,"SAP ABAP Programming 기초 (Dictionary, Report, Function 등)",공개,24,Solution - ERP Dev.,Biz. Consulting - ERP; PM - Solution PM,
Biz. Solution,ABAP 개발 실무,,사내과정,오프라인집합,SAP ABAP Programming 실무1 (Open SQL/Internal Table 실습),공개,8,Solution - ERP Dev.,,
Biz. Solution,ABAP 개발 실무,,사내과정,오프라인집합,SAP ABAP Programming 실무2 (Grid ALV 리포트 실습),공개,16,Solution - ERP Dev.,,
Biz. Solution,ABAP 개발 실무,,사내과정,오프라인집합,SAP ABAP Programming 실무3 (ERP AMDP),공개,8,Solution - ERP Dev.,,
Biz. Solution,Industry별 ERP 실무 이해,,사내과정,오프라인집합,ERP 바이오 제조 특화 프로세스 ,공개,4,Biz. Consulting - ERP; Solution - ERP Dev.,PM - Solution PM; Solution - Biz. Solution,
Cloud,네트워크 이해,,사내과정,VOD,네트워크 Essential,공개,2.5,Architect - Technical Archi.; Cloud/Infra - System/Network,AIX - AI/Data Dev.; Architect - Application Archi.; Sales - Sales; Biz. Consulting - ERP; Software - Front-end,
Cloud,Cloud Computing 이해,,사내과정,VOD,Cloud Computing Essential,공개,5,,,Biz. Consulting - ESG/SHE; Biz. Supporting - Biz. Supporting; AIX - AI/Data Dev.; Architect - Application Archi.; Cloud/Infra - System/Network; Sales - Sales; Domain Expert - Domain Expert; Software - Front-end; Manufacturing - Factory 기획/설계; PM - Application PM; 미부여 - 미부여; Solution - ERP Dev.; Quality Mgmt - PMO
Cloud,컨테이너 이해,,mySUNI,VOD,Docker/Kubernetes의 이해,공개,3.5,Architect - Technical Archi.; Cloud/Infra - System/Network,AIX - AI/Data Dev.; Architect - Application Archi.; Cloud/Infra - Middleware/Database; Sales - Sales; Biz. Consulting - ERP; Software - Front-end,
Cloud,WEB/WAS 활용,,사내과정,오프라인집합,"Apache, Tomcat 기반 시스템 구성 및 관리",공개,8,Cloud/Infra - Middleware/Database,Architect - Technical Archi.,
Cloud,Cache/Queue 활용,,사내과정,오프라인집합,Cache/Queue 기본,공개,16,Cloud/Infra - Middleware/Database,Architect - Technical Archi.; Cloud/Infra - System/Network; PM - Infra PM,
Cloud,Cloud Service Engineering 입문,,사내과정,오프라인집합,Cloud Managed 서비스 이해,공개,4,Cloud/Infra - System/Network,Architect - Application Archi.; Cloud/Infra - Middleware/Database; Software - Front-end,
Cloud,최적화 설계/구현,,사내과정,오프라인집합,Cloud 운영절차 이해,공개,4,Cloud/Infra - System/Network,Architect - Application Archi.; Cloud/Infra - Middleware/Database,
Cloud,최적화 설계/구현,,사내과정,오프라인집합,비용 최적화 실무,공개,8,Cloud/Infra - System/Network,Architect - Application Archi.; Cloud/Infra - Middleware/Database,
Cloud,최적화 설계/구현,,사내과정,오프라인집합,보안 최적화 실무,공개,8,Cloud/Infra - System/Network,Architect - Application Archi.; Cloud/Infra - Middleware/Database,
Cloud,Mgmt. System 활용,,사내과정,오프라인집합,Cloud 운영 관리 플랫폼,공개,8,Cloud/Infra - System/Network,Architect - Technical Archi.; Cloud/Infra - Data Center,
Cloud,Mgmt. System 활용,,사내과정,오프라인집합,운영 지원 시스템과 유스케이스 기반 자동화의 이해,공개,4,Cloud/Infra - System/Network,Architect - Technical Archi.; Cloud/Infra - Data Center,
Cloud,Cloud Native Archi. 실무,,사내과정,오프라인집합,Microservice Modeling,공개,16,Architect - Technical Archi.; Cloud/Infra - System/Network,PM - Infra PM,
Cloud,Cloud Native Archi. 실무,,사내과정,오프라인집합,마이크로서비스 패턴 상세 구현,공개,16,Architect - Technical Archi.; Cloud/Infra - System/Network,PM - Infra PM,
Cloud,Cloud Native Archi. 실무,,사내과정,오프라인집합,Container Orchestration(Docker & Kubernetes) on Azure,공개,24,Architect - Technical Archi.; Cloud/Infra - System/Network,PM - Infra PM,
Cloud,정보 보안 진단 실무,,외부과정,오프라인집합,보안 담당자를 위한 정보보안 기본,공개,16,Cloud/Infra - Cyber Security,Architect - Technical Archi.; Cloud/Infra - System/Network,
Cloud,정보 보안 진단 실무,,외부과정,VOD,"해킹과 침투의 시대, 보안을 배우다",공개,31,Cloud/Infra - Cyber Security,Architect - Technical Archi.; Cloud/Infra - System/Network,
Cloud,정보 보안 진단 실무,,외부과정,오프라인집합,「정보보안책임자」가 전하는 정보보안 위험관리 실무,공개,16,Cloud/Infra - Cyber Security,Architect - Technical Archi.; Cloud/Infra - System/Network,
Cloud,Cloud Computing 이해,,mySUNI,VOD,Cloud_기술,공개,35.3,,,Biz. Consulting - ESG/SHE; Biz. Supporting - Biz. Supporting; AIX - AI/Data Dev.; Architect - Application Archi.; Cloud/Infra - System/Network; Sales - Sales; Domain Expert - Domain Expert; Software - Front-end; Manufacturing - Factory 기획/설계; PM - Application PM; 미부여 - 미부여; Solution - ERP Dev.; Quality Mgmt - PMO
Cloud,Cloud Computing 이해,,사내과정,VOD,Cloud_적용/활용,공개,12.9,,,Biz. Consulting - ESG/SHE; Biz. Supporting - Biz. Supporting; AIX - AI/Data Dev.; Architect - Application Archi.; Cloud/Infra - System/Network; Sales - Sales; Domain Expert - Domain Expert; Software - Front-end; Manufacturing - Factory 기획/설계; PM - Application PM; 미부여 - 미부여; Solution - ERP Dev.; Quality Mgmt - PMO
Cloud,Cloud Computing 이해,,mySUNI,VOD,Cloud_서비스,공개,23.6,,,Biz. Consulting - ESG/SHE; Biz. Supporting - Biz. Supporting; AIX - AI/Data Dev.; Architect - Application Archi.; Cloud/Infra - System/Network; Sales - Sales; Domain Expert - Domain Expert; Software - Front-end; Manufacturing - Factory 기획/설계; PM - Application PM; 미부여 - 미부여; Solution - ERP Dev.; Quality Mgmt - PMO
Cloud,Well Architecture (아키텍쳐 입문),,사내과정,오프라인집합,Well-Architected 원칙에 따른 클라우드 운영 전략,공개,8,Architect - Technical Archi.; Cloud/Infra - System/Network,Cloud/Infra - Data Center; PM - Infra PM,
Cloud,Well Architecture (아키텍쳐 입문),,사내과정,오프라인집합,컨테이너 플랫폼 및 시스템 아키텍처 이해,공개,8,Architect - Technical Archi.; Cloud/Infra - System/Network,Cloud/Infra - Data Center; PM - Infra PM,
Cloud,Cache/Queue 활용,,사내과정,오프라인집합,Building Streaming Data Analytics Solution on AWS,공개,8,Cloud/Infra - Middleware/Database,Architect - Technical Archi.; Cloud/Infra - System/Network; PM - Infra PM,
Cloud,네트워크 공통,,사내과정,오프라인집합,Networking Essential for Cloud Application on AWS,공개,8,Architect - Technical Archi.; Cloud/Infra - System/Network,Software - Front-end,
Cloud,컨테이너 플랫폼 활용,반도체,사내과정,오프라인집합,Hynix Cloud Platform 이해 및 활용,공개,8,Cloud/Infra - System/Network,Architect - Application Archi.; Cloud/Infra - Middleware/Database; Software - Front-end,
Cloud,AI on Cloud,,사내과정,오프라인집합,Generative AI on AWS,공개,8,Cloud/Infra - System/Network,AIX - AI/Data Dev.; Architect - Technical Archi.; Biz. Consulting - ERP; PM - Infra PM; Solution - ERP Dev.,
Cloud,DBMS 활용,,사내과정,오프라인집합,Database 성능 최적화,공개,16,Cloud/Infra - Middleware/Database,Architect - Technical Archi.; Cloud/Infra - System/Network,
Cloud,Cache/Queue 활용,,사내과정,오프라인집합,Kafka 기본,공개,8,Cloud/Infra - Middleware/Database,Architect - Technical Archi.; Cloud/Infra - System/Network; PM - Infra PM,
Cloud,네트워크 공통,,사내과정,오프라인집합,On-Premise DCI 네트워크 구성(EVPN),공개,16,Architect - Technical Archi.; Cloud/Infra - System/Network,Software - Front-end,
Cloud,네트워크 설계,,사내과정,오프라인집합,Cloud 표준 아키텍처 기반 네트워크 설계(AWS기반),공개,24,Architect - Technical Archi.; Cloud/Infra - System/Network,Cloud/Infra - Cyber Security,
Cloud,Cloud Native Archi. 실무,,사내과정,오프라인집합,Container Orchestration(Docker & Kubernetes) on AWS,공개,16,Architect - Technical Archi.; Cloud/Infra - System/Network,PM - Infra PM,
Cloud,컨테이너 DevOps,,사내과정,오프라인집합,DevOps를 위한 Kubernetes 실무,공개,8,Cloud/Infra - System/Network,,
Cloud,Well Architecture (아키텍쳐 입문),,사내과정,오프라인집합,Infra/Cloud Architecture on AWS,공개,16,Architect - Technical Archi.; Cloud/Infra - System/Network,Cloud/Infra - Data Center; PM - Infra PM,
Cloud,Well Architecture (아키텍쳐 입문),,사내과정,오프라인집합,Infra/Cloud Architecture on Azure,공개,8,Architect - Technical Archi.; Cloud/Infra - System/Network,Cloud/Infra - Data Center; PM - Infra PM,
Cloud,Mgmt. System 활용,,사내과정,오프라인집합,모니터링 솔루션의 적용,공개,8,Cloud/Infra - System/Network,Architect - Technical Archi.; Cloud/Infra - Data Center,
Cloud,컨테이너 플랫폼 활용,,사내과정,오프라인집합,ZCP (SK Container Platform) 컨테이너 관리 플랫폼 아키텍처 이해와 활용(Hands-On),공개,4,Cloud/Infra - System/Network,Architect - Application Archi.; Cloud/Infra - Middleware/Database; Software - Front-end,
Cloud,컨테이너 DevOps,,사내과정,오프라인집합,AMDP (DevOps) 표준개발체계 이해 및 활용(Hands-On),공개,4,Cloud/Infra - System/Network,,
Cloud,Cache/Queue 활용,,사내과정,오프라인집합,APIM 기반의 API Gateway 이해와 활용,공개,4,Cloud/Infra - Middleware/Database,Architect - Technical Archi.; Cloud/Infra - System/Network; PM - Infra PM,
Cloud,DBMS 활용,,사내과정,오프라인집합,ZDB 를 활용한 DB 서비스 생성과 활용,공개,4,Cloud/Infra - Middleware/Database,Architect - Technical Archi.; Cloud/Infra - System/Network,
Cloud,Cloud 시스템 관리,,사내과정,오프라인집합,OPMATE (서버 자동화 솔루션) 활용,공개,8,Architect - Technical Archi.; Cloud/Infra - System/Network,,
Cloud,Cloud 시스템 관리,,사내과정,오프라인집합,Hybrid Cloud 운영 자동화 플랫폼 활용,공개,4,Architect - Technical Archi.; Cloud/Infra - System/Network,,
Cloud,Cloud Computing 실무,,사내과정,오프라인집합,그룹 공용 Infra Zone(SKPC) Architecture 및 활용,공개,8,Architect - Technical Archi.; Cloud/Infra - System/Network,Architect - Application Archi.; Software - Front-end; PM - Infra PM,
Cloud,AI-driven Development,,사내과정,오프라인집합,AI Coding on AWS,공개,8,Cloud/Infra - Middleware/Database,Cloud/Infra - System/Network; Software - Front-end,
Cloud,AI on Cloud,,사내과정,오프라인집합,MLOps on AWS,공개,4,Cloud/Infra - System/Network,AIX - AI/Data Dev.; Architect - Technical Archi.; Biz. Consulting - ERP; PM - Infra PM; Solution - ERP Dev.,
Cloud,AI on Cloud,,사내과정,오프라인집합,(Generative) AI 서비스 이해 및 활용 on AWS,공개,4,Cloud/Infra - System/Network,AIX - AI/Data Dev.; Architect - Technical Archi.; Biz. Consulting - ERP; PM - Infra PM; Solution - ERP Dev.,
Cloud,AI on Cloud,,사내과정,오프라인집합,(Generative) AI 서비스 이해 및 활용 on Azure,공개,4,Cloud/Infra - System/Network,AIX - AI/Data Dev.; Architect - Technical Archi.; Biz. Consulting - ERP; PM - Infra PM; Solution - ERP Dev.,
Cloud,Data Center 실무,,사내과정,오프라인집합,AI DC 구축을 위한 인프라 아키텍처 설계 및 MLOps 플랫폼의 이해,공개,8,Cloud/Infra - Data Center,Cloud/Infra - System/Network,
Cloud,Data Cloud,,사내과정,오프라인집합,Lakehouse 개념 및 아키텍처 이해,공개,8,Cloud/Infra - Middleware/Database,Architect - Technical Archi.; Cloud/Infra - System/Network; PM - Infra PM,
Cloud,AI-driven Development,,사내과정,오프라인집합,AI Agent 구조 이해 및 활용,공개,8,Cloud/Infra - Middleware/Database,Cloud/Infra - System/Network; Software - Front-end,
Cloud,AI on Cloud,,사내과정,오프라인집합,Kubeflow/MLFlow 기반의 MLOps 이해 및 활용,공개,8,Cloud/Infra - System/Network,AIX - AI/Data Dev.; Architect - Technical Archi.; Biz. Consulting - ERP; PM - Infra PM; Solution - ERP Dev.,
Cloud,SaaS & ISV,,사내과정,오프라인집합,Databricks Lakehouse Platform 이해 및 실습,공개,8,Cloud/Infra - System/Network,Architect - Technical Archi.; Cloud/Infra - Data Center; PM - Infra PM,
Cloud,SaaS & ISV,,사내과정,오프라인집합,IBM 생성형 AI 이해 및 실습(Watson X),공개,8,Cloud/Infra - System/Network,Architect - Technical Archi.; Cloud/Infra - Data Center; PM - Infra PM,
Cloud,Data Cloud,,사내과정,오프라인집합,데이터 엔지니어링 심화,공개,16,Cloud/Infra - Middleware/Database,Architect - Technical Archi.; Cloud/Infra - System/Network; PM - Infra PM,
Cloud,Data Cloud,,사내과정,오프라인집합,AWS 데이터엔지니어링 비정형 데이터 처리(Spark),공개,8,Cloud/Infra - Middleware/Database,Architect - Technical Archi.; Cloud/Infra - System/Network; PM - Infra PM,
Cloud,Cloud Computing 실무,,사내과정,오프라인집합,Pricing and Billing Operations on AWS,공개,4,Architect - Technical Archi.; Cloud/Infra - System/Network,Architect - Application Archi.; Software - Front-end; PM - Infra PM,
Cloud,Cache/Queue 기본,,사내과정,오프라인집합,Cache 기본,공개,8,,,
Cloud,Data Center 실무,,mySUNI,온라인집합, AI Trend와 AI DC 산업 전망,공개,0.67,Cloud/Infra - Data Center,Cloud/Infra - System/Network,
Cloud,Data Center 실무,,mySUNI,온라인집합,AI Data Center 시장 특집,공개,0.67,Cloud/Infra - Data Center,Cloud/Infra - System/Network,
Project Mgmt,프레젠테이션 기획 및 스피치,,사내과정,오프라인집합,AI를 활용한 프레젠테이션 기획 및 스피치,공개,16,Sales - Sales; Domain Expert - Domain Expert; PM - Application PM,Biz. Consulting - ESG/SHE; Quality Mgmt - PMO,
Project Mgmt,제안전략 수립 및 제안서 작성,,사내과정,오프라인집합,AI를 활용한 제안전략 수립 및 제안서 작성 실무,공개,16,Sales - Sales; Domain Expert - Domain Expert; PM - Application PM,AIX - AI/Data Dev.; Architect - Application Archi.; Cloud/Infra - System/Network; Biz. Consulting - ESG/SHE; Software - Front-end; Manufacturing - Factory 기획/설계; Quality Mgmt - PMO,
Project Mgmt,사업 타당성 분석,,사내과정,오프라인집합,PM 핵심 마스터링 : 사업 타당성 분석,공개,8,Sales - Sales; Domain Expert - Domain Expert; PM - Application PM; Quality Mgmt - PMO,Architect - Application Archi.; Biz. Consulting - ESG/SHE,
Project Mgmt,프로젝트 손익/원가관리,,사내과정,오프라인집합,PM 핵심 마스터링 : PJT 손익/원가관리,공개,8,Domain Expert - Domain Expert; PM - Application PM; Quality Mgmt - PMO,Solution - ERP Dev.,
Project Mgmt,요구사항분석 & 정의,,사내과정,오프라인집합,PM 핵심 마스터링 : 요구사항분석 & 정의,공개,8,Domain Expert - Domain Expert; PM - Application PM; Solution - ERP Dev.; Quality Mgmt - PMO,AIX - AI/Data Dev.; Architect - Application Archi.; Cloud/Infra - System/Network; Sales - Sales; Biz. Consulting - ESG/SHE; Software - Front-end; Manufacturing - Factory 기획/설계,
Project Mgmt,프로젝트 품질관리,,사내과정,오프라인집합,PM 핵심 마스터링 : PJT 품질관리,공개,8,Domain Expert - Domain Expert; PM - Application PM; Quality Mgmt - PMO,Solution - ERP Dev.,
Project Mgmt,프로젝트 범위관리,,사내과정,오프라인집합,PM 핵심 마스터링 : PJT 범위관리,공개,8,Domain Expert - Domain Expert; PM - Application PM; Quality Mgmt - PMO,AIX - AI/Data Dev.; Architect - Application Archi.; Cloud/Infra - System/Network; Sales - Sales; Biz. Consulting - ESG/SHE; Software - Front-end; Manufacturing - Factory 기획/설계; Solution - ERP Dev.,
Project Mgmt,프로젝트 일정관리,,사내과정,오프라인집합,PM 핵심 마스터링 : PJT 일정관리,공개,8,Domain Expert - Domain Expert; PM - Application PM; Quality Mgmt - PMO,AIX - AI/Data Dev.; Architect - Application Archi.; Cloud/Infra - System/Network; Sales - Sales; Biz. Consulting - ESG/SHE; Software - Front-end; Manufacturing - Factory 기획/설계; Solution - ERP Dev.,
Project Mgmt,이해관계자 관리,,사내과정,오프라인집합,PM 핵심 마스터링 : 이해관계자 관리,공개,8,Domain Expert - Domain Expert; PM - Application PM; Quality Mgmt - PMO,,
Project Mgmt,프로젝트 리스크/이슈 관리,,사내과정,오프라인집합,PM 핵심 마스터링 : PJT 리스크/이슈 관리,공개,8,Domain Expert - Domain Expert; PM - Application PM; Quality Mgmt - PMO,AIX - AI/Data Dev.; Architect - Application Archi.; Cloud/Infra - System/Network; Sales - Sales; Biz. Consulting - ERP; Software - Front-end; Solution - ERP Dev.,
Project Mgmt,프로젝트 통합관리,,사내과정,오프라인집합,PM 핵심 마스터링 : PJT 통합관리,공개,8,Domain Expert - Domain Expert; PM - Application PM; Quality Mgmt - PMO,Manufacturing - Factory 기획/설계,
Project Mgmt,SKPM Ⅲ (프로젝트 관리 시뮬레이션),,사내과정,오프라인집합,SKPM Ⅲ (프로젝트 관리 시뮬레이션),공개,8,Domain Expert - Domain Expert; PM - Application PM; Quality Mgmt - PMO,,
Project Mgmt,SKPM Ⅱ (C&C 프로세스),,사내과정,VOD,SKPM Ⅱ (C&C 프로세스),공개,1,,,Biz. Consulting - ESG/SHE; Biz. Supporting - Biz. Supporting; AIX - AI/Data Dev.; Architect - Application Archi.; Cloud/Infra - System/Network; Sales - Sales; Domain Expert - Domain Expert; Software - Front-end; Manufacturing - Factory 기획/설계; PM - Application PM; 미부여 - 미부여; Solution - ERP Dev.; Quality Mgmt - PMO
Project Mgmt,SKPM Ⅰ (기본 지식),,사내과정,VOD,SKPM Ⅰ(기본 지식),공개,1,,,Biz. Consulting - ESG/SHE; Biz. Supporting - Biz. Supporting; AIX - AI/Data Dev.; Architect - Application Archi.; Cloud/Infra - System/Network; Sales - Sales; Domain Expert - Domain Expert; Software - Front-end; Manufacturing - Factory 기획/설계; PM - Application PM; 미부여 - 미부여; Solution - ERP Dev.; Quality Mgmt - PMO
Project Mgmt,제안전략/PT 클리닉,,사내과정,오프라인집합,제안서 & PT 실전 클리닉,공개,8,Sales - Sales,Biz. Consulting - ESG/SHE; Domain Expert - Domain Expert; PM - Application PM,
Project Mgmt,기능점수(Function Point) 산정 기본,,사내과정,오프라인집합,기능점수(Function Point) 산정 기본,공개,8,Sales - Sales; Domain Expert - Domain Expert; PM - Application PM; Quality Mgmt - PMO,Biz. Consulting - ESG/SHE,
Project Mgmt,기능점수(Function Point) 산정 실무,,사내과정,오프라인집합,기능점수(Function Point) 산정 실무,공개,8,Domain Expert - Domain Expert; PM - Application PM; Quality Mgmt - PMO,Sales - Sales; Biz. Consulting - AIX,
Project Mgmt,PJT. 발굴/수행 Case Study,,사내과정,VOD,CJ대한통운 차세대 택배시스템 구축 사례,공개,1.5,Sales - Sales; Domain Expert - Domain Expert; PM - Application PM; Quality Mgmt - PMO,Biz. Consulting - ESG/SHE,
Project Mgmt,PM 양성 : 프로젝트 관리 실무,,사내과정,오프라인집합,PM Bootcamp : 3일 완성! 프로젝트 관리 A to Z,공개,16,Domain Expert - Domain Expert; PM - Application PM; Quality Mgmt - PMO,Architect - Application Archi.; Biz. Consulting - ERP; Software - Front-end; Solution - ERP Dev.,
Project Mgmt,SKPM Ⅱ (C&C 프로세스),,사내과정,VOD,AGS 활용 Guide (VOD),공개,1.2,,,Biz. Consulting - ESG/SHE; Biz. Supporting - Biz. Supporting; AIX - AI/Data Dev.; Architect - Application Archi.; Cloud/Infra - System/Network; Sales - Sales; Domain Expert - Domain Expert; Software - Front-end; Manufacturing - Factory 기획/설계; PM - Application PM; 미부여 - 미부여; Solution - ERP Dev.; Quality Mgmt - PMO
Project Mgmt,PJT. 발굴/수행 Case Study,,사내과정,VOD,[VOD] 성공적인 차세대 프로젝트 수행을 위한 고려사항_박종철 전문교수,공개,1,Sales - Sales; Domain Expert - Domain Expert; PM - Application PM; Quality Mgmt - PMO,Biz. Consulting - ESG/SHE,
Project Mgmt,대형/차세대 PJT. Mgmt.,,사내과정,온라인집합,대형/차세대 PJT. Mgmt. 전문가 과정,공개,80,,PM - Application PM; Quality Mgmt - PMO,
Project Mgmt,SKPM Ⅱ (C&C 프로세스),,사내과정,VOD,PM Bootcamp : 3일 완성! 프로젝트 관리 A to Z (1일차),공개,6,,,Biz. Consulting - ESG/SHE; Biz. Supporting - Biz. Supporting; AIX - AI/Data Dev.; Architect - Application Archi.; Cloud/Infra - System/Network; Sales - Sales; Domain Expert - Domain Expert; Software - Front-end; Manufacturing - Factory 기획/설계; PM - Application PM; 미부여 - 미부여; Solution - ERP Dev.; Quality Mgmt - PMO
Project Mgmt,제안전략/PT 기본,,사내과정,오프라인집합,AI를 활용한 제안전략 수립 및 제안서 작성 기본,공개,8,Sales - Sales; Domain Expert - Domain Expert; PM - Application PM; Quality Mgmt - PMO,Biz. Consulting - ESG/SHE; Manufacturing - 자동화; Solution - ERP Dev.,
Project Mgmt,PJT. 발굴/수행 Case Study,,사내과정,VOD,하나은행 마케팅 플랫폼 및 데이터 허브 차세대 시스템 구축 사례,공개,1.5,Sales - Sales; Domain Expert - Domain Expert; PM - Application PM; Quality Mgmt - PMO,Biz. Consulting - ESG/SHE,
Project Mgmt,PJT. 발굴/수행 Case Study,,사내과정,온라인집합,[CL4의 Insight 세미나] 프로젝트 성공을 위한 PM 전략 및 주요 관리 Point,공개,1,Sales - Sales; Domain Expert - Domain Expert; PM - Application PM; Quality Mgmt - PMO,Biz. Consulting - ESG/SHE,
Project Mgmt,PJT. 발굴/수행 Case Study,,mySUNI,VOD,[CL4의 Insight 세미나] 프로젝트 성공을 위한 PM 전략 및 주요 관리 Point,공개,0,Sales - Sales; Domain Expert - Domain Expert; PM - Application PM; Quality Mgmt - PMO,Biz. Consulting - ESG/SHE,
SW,SW Fundamental,,사내과정,VOD,"SW Fundamental (소프트웨어 개발 프로세스 및 품질 관리, ITSM 이해)",공개,2,,,Biz. Consulting - ESG/SHE; Biz. Supporting - Biz. Supporting; AIX - AI/Data Dev.; Architect - Application Archi.; Cloud/Infra - System/Network; Sales - Sales; Domain Expert - Domain Expert; Software - Front-end; Manufacturing - Factory 기획/설계; PM - Application PM; 미부여 - 미부여; Solution - ERP Dev.; Quality Mgmt - PMO
SW,Programming 기본,,사내과정,인증,[코딩 Test Lv.1] 개발 프로그래밍 – Java/C/Python ,공개,1.5,AIX - AI/Data Dev.; Software - Front-end,Cloud/Infra - System/Network; Biz. Consulting - ERP; PM - Application PM,
SW,Programming 기본,,외부과정,VOD,예제로 공부하는 Java 100 문제풀이 Part.1,공개,8,AIX - AI/Data Dev.; Software - Front-end,Cloud/Infra - System/Network; Biz. Consulting - ERP; PM - Application PM,
SW,Programming 기본,,외부과정,VOD,나도코딩의 자바 기본편,공개,20,AIX - AI/Data Dev.; Software - Front-end,Cloud/Infra - System/Network; Biz. Consulting - ERP; PM - Application PM,
SW,Programming 기본,,외부과정,VOD,파이썬 기초 강의 - 프로그래밍 입문,공개,3,AIX - AI/Data Dev.; Software - Front-end,Cloud/Infra - System/Network; Biz. Consulting - ERP; PM - Application PM,
SW,Programming 기본,,외부과정,VOD,Do it! C# 프로그래밍 입문,공개,7,AIX - AI/Data Dev.; Software - Front-end,Cloud/Infra - System/Network; Biz. Consulting - ERP; PM - Application PM,
SW,Programming 기본,,외부과정,VOD,Do it! HTML+CSS+자바스크립트 웹 표준의 정석,공개,9,AIX - AI/Data Dev.; Software - Front-end,Cloud/Infra - System/Network; Biz. Consulting - ERP; PM - Application PM,
SW,Mobile 개발,,외부과정,VOD,초격차 패키지 : 왕초보를 위한 한 번에 끝내는 iOS 앱 개발 바이블,공개,68.5,Software - Mobile,Software - Front-end; PM - Application PM,
SW,Mobile 개발,,외부과정,VOD,35개 프로젝트로 배우는 Android 앱 개발 feat. jetpack Compose,공개,109,Software - Mobile,Software - Front-end; PM - Application PM,
SW,Back-end 개발,,사내과정,인증,[코딩 Test Lv.2] 개발 프로그래밍 –  알고리즘/디버깅 ,공개,1.5,Architect - Data Archi.; Software - Back-end,Software - Front-end; PM - Application PM,
SW,Back-end 개발,,사내과정,인증,[코딩 Test Lv.2] 개발 프로그래밍  – 알고리즘(코드작성),공개,2,Architect - Data Archi.; Software - Back-end,Software - Front-end; PM - Application PM,
SW,Front-end 개발,,사내과정,인증,[코딩 Test Lv.2] 개발 프로그래밍  – 실무문제해결형 (Front-end),공개,2,Architect - Application Archi.; Software - Front-end,Software - Back-end; PM - Application PM,
SW,Front-end 개발,,사내과정,오프라인집합,Front-end 개발언어 및 도구,공개,39,Architect - Application Archi.; Software - Front-end,Software - Back-end; PM - Application PM,
SW,Back-end 개발,,사내과정,오프라인집합,Back-end 개발언어 및 도구,공개,39,Architect - Data Archi.; Software - Back-end,Software - Front-end; PM - Application PM,
SW,Back-end 개발,,외부과정,VOD,초격차 패키지 : 10개 프로젝트로 완성하는 백엔드 웹개발(Java/Spring),공개,121,Architect - Data Archi.; Software - Back-end,Software - Front-end; PM - Application PM,
SW,Front-end 개발,,외부과정,VOD,10개 프로젝트로 끝내는 Node.js의 모든 것(Express & Nest.js) 초격차 패키지 Online.,공개,32.5,Architect - Application Archi.; Software - Front-end,Software - Back-end; PM - Application PM,
SW,Front-end 개발,,외부과정,VOD,JavaScript 알고리즘 베스트 10,공개,2,Architect - Application Archi.; Software - Front-end,Software - Back-end; PM - Application PM,
SW,Front-end 개발,,외부과정,VOD,[ITⓔ코칭] JAVA로 잡는 실전 프로그래밍,공개,8,Architect - Application Archi.; Software - Front-end,Software - Back-end; PM - Application PM,
SW,Front-end 개발,,외부과정,VOD,[웹 개발 풀스택 코스] Vue.js 프로젝트 투입 일주일 전 - 기초에서 실무까지,공개,24,Architect - Application Archi.; Software - Front-end,Software - Back-end; PM - Application PM,
SW,Front-end 개발,,외부과정,VOD,독하게 되새기는 C 프로그래밍,공개,11,Architect - Application Archi.; Software - Front-end,Software - Back-end; PM - Application PM,
SW,Front-end 개발,,외부과정,VOD,C#.NET 0.5년차~3년차(파트1),공개,5,Architect - Application Archi.; Software - Front-end,Software - Back-end; PM - Application PM,
SW,Front-end 개발,,외부과정,VOD,C#.Net 0.5년차~3년차(파트2),공개,5,Architect - Application Archi.; Software - Front-end,Software - Back-end; PM - Application PM,
SW,SQL 기본,,사내과정,인증,[Test Lv.1] SQL Basic ,공개,2,AIX - G.AI Dev.; Architect - Application Archi.; Software - Front-end,Software - Mobile; PM - Application PM,
SW,SQL 기본,,사내과정,오프라인집합,초급 SQL 활용,공개,16,AIX - G.AI Dev.; Architect - Application Archi.; Software - Front-end,Software - Mobile; PM - Application PM,
SW,SQL 기본,,사내과정,오프라인집합,SQL 튜닝 기초 – MySQL/Maria,공개,8,AIX - G.AI Dev.; Architect - Application Archi.; Software - Front-end,Software - Mobile; PM - Application PM,
SW,SQL 기본,,사내과정,오프라인집합,SQL 튜닝 기초 – Oracle,공개,8,AIX - G.AI Dev.; Architect - Application Archi.; Software - Front-end,Software - Mobile; PM - Application PM,
SW,SQL 기본,,사내과정,오프라인집합,초급 데이터 모델링,공개,8,AIX - G.AI Dev.; Architect - Application Archi.; Software - Front-end,Software - Mobile; PM - Application PM,
SW,SQL 기본,,외부과정,VOD,Do it! SQL 입문,공개,2,AIX - G.AI Dev.; Architect - Application Archi.; Software - Front-end,Software - Mobile; PM - Application PM,
SW,SQL 실무,,사내과정,인증,[Test Lv.2] SQL Expert ,공개,2,AIX - G.AI Dev.; Architect - Application Archi.; Software - Back-end,Software - Front-end; PM - Application PM,
SW,SQL 실무,,사내과정,오프라인집합,중급 SQL 활용,공개,16,AIX - G.AI Dev.; Architect - Application Archi.; Software - Back-end,Software - Front-end; PM - Application PM,
SW,SQL 실무,,사내과정,오프라인집합,고급 SQL 활용 및 성능 튜닝,공개,24,AIX - G.AI Dev.; Architect - Application Archi.; Software - Back-end,Software - Front-end; PM - Application PM,
SW,SQL 실무,,외부과정,VOD,SW 개발자를 위한 성능 좋은 SQL 쿼리 작성법,공개,6.2,AIX - G.AI Dev.; Architect - Application Archi.; Software - Back-end,Software - Front-end; PM - Application PM,
SW,Data 모델링,,사내과정,오프라인집합,중급 데이터 모델링,공개,8,AIX - G.AI Dev.; Architect - Application Archi.; Software - Back-end,Cloud/Infra - Middleware/Database; Software - Front-end; PM - Application PM,
SW,Data 모델링,,사내과정,오프라인집합,고급 데이터 모델링  ,공개,16,AIX - G.AI Dev.; Architect - Application Archi.; Software - Back-end,Cloud/Infra - Middleware/Database; Software - Front-end; PM - Application PM,
SW,Data 모델링,,외부과정,VOD,RDBMS Modeling 실습,공개,11.5,AIX - G.AI Dev.; Architect - Application Archi.; Software - Back-end,Cloud/Infra - Middleware/Database; Software - Front-end; PM - Application PM,
SW,Data 성능 튜닝,,사내과정,오프라인집합,DB 성능관리 방법론,공개,8,Architect - Application Archi.; Software - Back-end,Cloud/Infra - Middleware/Database; Software - Front-end; PM - Application PM; Quality Mgmt - PMO,
SW,Data 성능 튜닝,,외부과정,VOD,Entity Framework Core DB 성능 튜닝 (for SQL Server),공개,15,Architect - Application Archi.; Software - Back-end,Cloud/Infra - Middleware/Database; Software - Front-end; PM - Application PM; Quality Mgmt - PMO,
SW,Data 성능 튜닝,,외부과정,VOD,"MSSQL 2편 (튜닝 기본편, Performance Tunning, Senior DBA)",공개,3,Architect - Application Archi.; Software - Back-end,Cloud/Infra - Middleware/Database; Software - Front-end; PM - Application PM; Quality Mgmt - PMO,
SW,UX/UI 기본,,사내과정,VOD,UX/UI 기본,공개,8,Architect - Application Archi.; Software - Front-end,Software - Back-end; PM - Application PM,
SW,UX/UI 기본,,mySUNI,VOD,UX/UI Trend,공개,11,Architect - Application Archi.; Software - Front-end,Software - Back-end; PM - Application PM,
SW,UX/UI 기본,,mySUNI,VOD,"데이터 기반 고객경험 설계 방법론, DCX 프레임워크",공개,3,Architect - Application Archi.; Software - Front-end,Software - Back-end; PM - Application PM,
SW,UX/UI 기본,,외부과정,VOD,"The RED : 구글이 선택한 디자이너, 한유진의 디자인 시장 생존전략",공개,3,Architect - Application Archi.; Software - Front-end,Software - Back-end; PM - Application PM,
SW,UX/UI 디자인 Tool,,외부과정,VOD,100개의 클론디자인으로 배우는 UX/UI,공개,31,Architect - Application Archi.; Software - Front-end,Software - Back-end; PM - Application PM,
SW,UX/UI 디자인 Tool,,외부과정,VOD,디자인 시스템 with 피그마,공개,6,Architect - Application Archi.; Software - Front-end,Software - Back-end; PM - Application PM,
SW,UX/UI 디자인 Tool,,외부과정,VOD,HTML+CSS+JS 포트폴리오 실전 퍼블리싱(시즌1),공개,42,Architect - Application Archi.; Software - Front-end,Software - Back-end; PM - Application PM,
SW,Design Thinking,,사내과정,오프라인집합,Design Thinking W/S,공개,8,Architect - Application Archi.,Software - Front-end,
SW,Design Thinking,,mySUNI,VOD,[퍼실리테이션] 애자일한 조직을 위한 수평적 집단 의사결정법,공개,4,Architect - Application Archi.,Software - Front-end,
SW,SW개발 방법론,,사내과정,오프라인집합,SKPE-UM2.0 CBD 분석/설계,공개,8,Architect - Application Archi.; Software - Front-end; PM - Application PM; Quality Mgmt - PMO,AIX - AI/Data Dev.; Domain Expert - Domain Expert; PM - Infra PM,
SW,개발 환경 도구,,외부과정,VOD,[DevOps 정석 1] Monolith to Microservice 전환 with Spring/Python/Node.js와 Strangler Fig 패턴,공개,6,Architect - Application Archi.; Software - Front-end; Quality Mgmt - Quality Eng.,Cloud/Infra - System/Network; PM - Application PM; Quality Mgmt - PMO,
SW,개발 환경 도구,,외부과정,VOD,[DevOps 정석 2] MSA 환경의 로그 분석 기술 구축을 통한 통합로깅,공개,6,Architect - Application Archi.; Software - Front-end; Quality Mgmt - Quality Eng.,Cloud/Infra - System/Network; PM - Application PM; Quality Mgmt - PMO,
SW,개발 환경 도구,,외부과정,VOD,[DevOps 정석 3] GitHub Actions으로 제대로 구축하는 CI,공개,7,Architect - Application Archi.; Software - Front-end; Quality Mgmt - Quality Eng.,Cloud/Infra - System/Network; PM - Application PM; Quality Mgmt - PMO,
SW,소프트웨어 Testing,,외부과정,VOD,Practical Testing: 실용적인 테스트 가이드,공개,12.5,Architect - Application Archi.; Software - Front-end; Quality Mgmt - Quality Eng.,PM - Application PM; Quality Mgmt - PMO,
SW,소프트웨어 Testing,,외부과정,VOD,Java/Spring 테스트를 추가하고 싶은 개발자들의 오답노트,공개,6,Architect - Application Archi.; Software - Front-end; Quality Mgmt - Quality Eng.,PM - Application PM; Quality Mgmt - PMO,
SW,시스템/솔루션 성능테스트,,사내과정,오프라인집합,단위 성능테스트 DEVWEB(LoadRunner Developer) Ⅰ,공개,8,Architect - Application Archi.; Software - Front-end; Quality Mgmt - Quality Eng.,PM - Application PM; Quality Mgmt - PMO,
SW,Back-end 개발,,사내과정,인증,[코딩 Test Lv.2] 개발 프로그래밍  – 실무문제해결형 (Back-end),공개,2,Architect - Data Archi.; Software - Back-end,Software - Front-end; PM - Application PM,
SW,UX/UI 기본,,사내과정,VOD,UX Writing,공개,1,Architect - Application Archi.; Software - Front-end,Software - Back-end; PM - Application PM,
SW,Data 성능 튜닝,,외부과정,VOD,백엔드 개발자를 위한 한 번에 끝내는 대용량 데이터 & 트래픽 처리,공개,76,Architect - Application Archi.; Software - Back-end,Cloud/Infra - Middleware/Database; Software - Front-end; PM - Application PM; Quality Mgmt - PMO,
SW,Data 모델링,반도체,사내과정,오프라인집합,반도체 사업 Data Architecture 설계,공개,16,AIX - G.AI Dev.; Architect - Application Archi.; Software - Back-end,Cloud/Infra - Middleware/Database; Software - Front-end; PM - Application PM,
SW,Data 아키텍처 수립,,사내과정,오프라인집합,Data Architect 육성,공개,56,Architect - Application Archi.,Software - Back-end; Manufacturing - 지능화,
SW,Application 아키텍처 전략 수립,,사내과정,오프라인집합,Application Architect 육성,공개,80,Architect - Application Archi.,Software - Front-end,
SW,Programming 기본,,외부과정,VOD,"더 자바, 코드를 조작하는 다양한 방법",공개,4.6,AIX - AI/Data Dev.; Software - Front-end,Cloud/Infra - System/Network; Biz. Consulting - ERP; PM - Application PM,
SW,Back-end 개발,,외부과정,VOD,스프링 핵심 원리 - 고급편,공개,16.7,Architect - Data Archi.; Software - Back-end,Software - Front-end; PM - Application PM,
SW,Front-end 개발,,외부과정,VOD,"프론트엔드 개발자를 위한, 실전 웹 성능 최적화(feat. React) - Part. 1",공개,2.9,Architect - Application Archi.; Software - Front-end,Software - Back-end; PM - Application PM,
SW,Front-end 개발,,외부과정,VOD,"프론트엔드 개발자를 위한, 실전 웹 성능 최적화(feat. React) - Part. 2",공개,7.9,Architect - Application Archi.; Software - Front-end,Software - Back-end; PM - Application PM,
SW,Back-end 개발,,외부과정,VOD,실전! 스프링 부트와 JPA 활용2 - API 개발과 성능 최적화,공개,6.6,Architect - Data Archi.; Software - Back-end,Software - Front-end; PM - Application PM,
SW,Back-end 개발,,외부과정,VOD,스프링 부트 개념과 활용,공개,11.9,Architect - Data Archi.; Software - Back-end,Software - Front-end; PM - Application PM,
SW,시스템/솔루션 성능테스트,,외부과정,VOD,[The RED] 성능의 신 : 궁극의 성능 튜닝과 트러블슈팅,공개,11.9,Architect - Application Archi.; Software - Front-end; Quality Mgmt - Quality Eng.,PM - Application PM; Quality Mgmt - PMO,
SW,Application 아키텍처 설계,반도체,사내과정,오프라인집합,반도체 생산 실행 시스템 Architecture 설계,공개,4,Architect - Application Archi.,Software - Front-end; PM - Application PM; Quality Mgmt - PMO,
SW,Application 모델링 및 설계,,사내과정,오프라인집합,ADoNE 도구 활용 분석/설계,공개,8,Architect - Application Archi.,Software - Front-end; PM - Application PM; Quality Mgmt - PMO,
SW,Front-end 개발,,사내과정,오프라인집합,Javascript 개발 실무,공개,16,Architect - Application Archi.; Software - Front-end,Software - Back-end; PM - Application PM,
SW,Front-end 개발,,사내과정,오프라인집합,Front-end Framework 실무,공개,20,Architect - Application Archi.; Software - Front-end,Software - Back-end; PM - Application PM,
SW,SW개발 방법론,,사내과정,VOD,SKPE-UM2.0 개발방법론 (VOD),공개,5.4,Architect - Application Archi.; Software - Front-end; PM - Application PM; Quality Mgmt - PMO,AIX - AI/Data Dev.; Domain Expert - Domain Expert; PM - Infra PM,
SW,시스템/솔루션 성능테스트,,사내과정,VOD,성능테스트 개론 (VOD),공개,4.75,Architect - Application Archi.; Software - Front-end; Quality Mgmt - Quality Eng.,PM - Application PM; Quality Mgmt - PMO,
SW,Front-end 개발,,사내과정,오프라인집합,Streamlit를 이용한 Application 개발,공개,8,Architect - Application Archi.; Software - Front-end,Software - Back-end; PM - Application PM,
SW,Back-end 개발,,사내과정,오프라인집합,Java 프로그래밍 실무,공개,16,Architect - Data Archi.; Software - Back-end,Software - Front-end; PM - Application PM,
SW,Back-end 개발,,사내과정,오프라인집합,Java Spring Framework 실무,공개,16,Architect - Data Archi.; Software - Back-end,Software - Front-end; PM - Application PM,
SW,성능/Test 기본,,사내과정,오프라인집합,Software Testing Fundamental,공개,16,Architect - Application Archi.; Software - Front-end; Quality Mgmt - Quality Eng.,AIX - AI/Data Dev.; Cloud/Infra - System/Network; PM - Application PM; Quality Mgmt - PMO,
SW,Application 아키텍처 설계,,사내과정,오프라인집합,Application 아키텍처 설계,공개,16,Architect - Application Archi.,Software - Front-end; PM - Application PM; Quality Mgmt - PMO,
SW,시스템/솔루션 성능테스트,,사내과정,오프라인집합,단위 성능테스트 DEVWEB(LoadRunner Developer) Ⅱ,공개,8,Architect - Application Archi.; Software - Front-end; Quality Mgmt - Quality Eng.,PM - Application PM; Quality Mgmt - PMO,
SW,보안 시큐어 코딩,,사내과정,VOD,25년 시큐어코딩 PM,공개,1.9,Architect - Application Archi.,Software - Front-end; PM - Application PM,
SW,보안 시큐어 코딩,,사내과정,VOD,25년 시큐어코딩 in C,공개,5.8,Architect - Application Archi.,Software - Front-end; PM - Application PM,
SW,보안 시큐어 코딩,,사내과정,VOD,25년 시큐어코딩 in JAVA,공개,7.5,Architect - Application Archi.,Software - Front-end; PM - Application PM,
SW,보안 시큐어 코딩,,사내과정,VOD,25년 시큐어코딩 in 닷넷,공개,4.7,Architect - Application Archi.,Software - Front-end; PM - Application PM,
SW,보안 시큐어 코딩,,사내과정,VOD,25년 시큐어코딩 in Python,공개,4.2,Architect - Application Archi.,Software - Front-end; PM - Application PM,